event_slug,city,quality,factor,horizon_seconds,slice_name,slice_value,token_count,coverage,zero_rate,ic,nonzero_hit_rate,top_bottom,crossing_markout_diagnostic
highest-temperature-in-buenos-aires-on-june-12-2026,Buenos Aires,degraded,depth_imbalance_1,30,price_bucket,"[0,0.04)",5,0.9954758296879884,0.9583794998763493,0.16785379490634605,0.8338058089508543,0.00037924671841630536,-0.0033464399071696112
highest-temperature-in-buenos-aires-on-june-12-2026,Buenos Aires,degraded,depth_imbalance_1,30,price_bucket,"[0.04,0.20)",4,0.9975569296753128,0.7682239623708298,0.08663381559381507,0.514380956702514,0.002878372535097809,-0.026085030049838757
highest-temperature-in-buenos-aires-on-june-12-2026,Buenos Aires,degraded,depth_imbalance_1,30,price_bucket,"[0.20,0.80]",3,0.9983900273024942,0.5929471830470249,0.11252877080716624,0.5501919518938142,0.0033307872270505446,-0.04617163204269947
highest-temperature-in-buenos-aires-on-june-12-2026,Buenos Aires,degraded,depth_imbalance_1,60,price_bucket,"[0,0.04)",5,0.9954758296879884,0.9434885056910879,0.2044762233572154,0.8549622926093514,0.00045551219281272085,-0.0033325759585876844
highest-temperature-in-buenos-aires-on-june-12-2026,Buenos Aires,degraded,depth_imbalance_1,60,price_bucket,"[0.04,0.20)",4,0.9975569296753128,0.7097185077704194,0.101669312741566,0.5330966304650515,0.0025538876745139953,-0.026030265447182913
highest-temperature-in-buenos-aires-on-june-12-2026,Buenos Aires,degraded,depth_imbalance_1,60,price_bucket,"[0.20,0.80]",3,0.9972065953498314,0.5217225161669606,0.06792245748671678,0.5563327549995434,0.002885419248963102,-0.0465267381439213
highest-temperature-in-buenos-aires-on-june-12-2026,Buenos Aires,degraded,depth_imbalance_1,120,price_bucket,"[0,0.04)",5,0.991342480602398,0.9093457447138787,0.3811497722893586,0.9163203463203462,0.0007385719401814292,-0.003285636731061542
highest-temperature-in-buenos-aires-on-june-12-2026,Buenos Aires,degraded,depth_imbalance_1,120,price_bucket,"[0.04,0.20)",4,0.9912166130358002,0.6635933818213324,0.1102791688740884,0.516030829349686,0.004711207365912419,-0.02626288670030868
highest-temperature-in-buenos-aires-on-june-12-2026,Buenos Aires,degraded,depth_imbalance_1,120,price_bucket,"[0.20,0.80]",3,0.9932297587470001,0.37369361936193624,0.0006798852478888673,0.5495633508637122,0.0025915270520335976,-0.04699926557366946
highest-temperature-in-buenos-aires-on-june-12-2026,Buenos Aires,degraded,depth_imbalance_1,300,price_bucket,"[0,0.04)",5,0.9849730593837505,0.8518451142697329,0.5054015600600164,0.9065914368335148,0.000951950329259759,-0.0032543476555587938
highest-temperature-in-buenos-aires-on-june-12-2026,Buenos Aires,degraded,depth_imbalance_1,300,price_bucket,"[0.04,0.20)",4,0.9776290316757908,0.583572810472296,0.09851619780457543,0.4669425654125954,0.00960520654740183,-0.025760522850165706
highest-temperature-in-buenos-aires-on-june-12-2026,Buenos Aires,degraded,depth_imbalance_1,300,price_bucket,"[0.20,0.80]",3,0.9839002730249415,0.217483164983165,0.046138644375809716,0.5701231176631313,0.0036336587636511424,-0.04692727097144902
highest-temperature-in-buenos-aires-on-june-12-2026,Buenos Aires,degraded,depth_imbalance_1,600,price_bucket,"[0,0.04)",5,0.9502145074453099,0.758142859570141,0.5126431201062011,0.8640799947472507,0.0012245355173972107,-0.00317226090800009
highest-temperature-in-buenos-aires-on-june-12-2026,Buenos Aires,degraded,depth_imbalance_1,600,price_bucket,"[0.04,0.20)",4,0.9499514504643101,0.5257316503038804,0.21166576480759877,0.5425464753438167,0.010907211867719632,-0.023743471306976866
highest-temperature-in-buenos-aires-on-june-12-2026,Buenos Aires,degraded,depth_imbalance_1,600,price_bucket,"[0.20,0.80]",3,0.9726464958560449,0.16670523040513055,0.033752047378093696,0.5636736894698086,0.0034784610817550124,-0.047735335125041016
highest-temperature-in-buenos-aires-on-june-12-2026,Buenos Aires,degraded,depth_imbalance_1,900,price_bucket,"[0,0.04)",5,0.9464030769574746,0.6571799659271622,0.34463674883212975,0.7123862676866283,0.0013515221467096364,-0.003173247001155663
highest-temperature-in-buenos-aires-on-june-12-2026,Buenos Aires,degraded,depth_imbalance_1,900,price_bucket,"[0.04,0.20)",4,0.9386008102180222,0.4310248057715344,0.14355724707247167,0.49223135994948847,0.010416910631361024,-0.023964854021583618
highest-temperature-in-buenos-aires-on-june-12-2026,Buenos Aires,degraded,depth_imbalance_1,900,price_bucket,"[0.20,0.80]",3,0.9633651052749196,0.17211705831157528,-0.07424009308485868,0.580431135771693,-0.010329065819617808,-0.04565022105103638
highest-temperature-in-buenos-aires-on-june-12-2026,Buenos Aires,degraded,microprice_minus_mid,30,price_bucket,"[0,0.04)",5,0.9954758296879884,0.9583794998763493,0.18141392242922144,0.8338058089508543,0.000413936581469367,-0.003348152852900274
highest-temperature-in-buenos-aires-on-june-12-2026,Buenos Aires,degraded,microprice_minus_mid,30,price_bucket,"[0.04,0.20)",4,0.9975569296753128,0.7682239623708298,-0.012924714810512735,0.5158256756186006,-0.005171126502068746,-0.026005473931220137
highest-temperature-in-buenos-aires-on-june-12-2026,Buenos Aires,degraded,microprice_minus_mid,30,price_bucket,"[0.20,0.80]",3,0.9983900273024942,0.5929471830470249,0.2200430044686195,0.5501919518938142,0.009193860097853019,-0.04617163204269947
highest-temperature-in-buenos-aires-on-june-12-2026,Buenos Aires,degraded,microprice_minus_mid,60,price_bucket,"[0,0.04)",5,0.9954758296879884,0.9434885056910879,0.21618092537069158,0.8549622926093514,0.0004895911076741891,-0.0033344719113408547
highest-temperature-in-buenos-aires-on-june-12-2026,Buenos Aires,degraded,microprice_minus_mid,60,price_bucket,"[0.04,0.20)",4,0.9975569296753128,0.7097185077704194,-0.05671556610477494,0.5284670008354219,-0.007659569147512528,-0.025961524831567297
highest-temperature-in-buenos-aires-on-june-12-2026,Buenos Aires,degraded,microprice_minus_mid,60,price_bucket,"[0.20,0.80]",3,0.9972065953498314,0.5217225161669606,0.20774120002858099,0.5563327549995434,0.00997853610023162,-0.0465267381439213
highest-temperature-in-buenos-aires-on-june-12-2026,Buenos Aires,degraded,microprice_minus_mid,120,price_bucket,"[0,0.04)",5,0.991342480602398,0.9093457447138787,0.38903287350395266,0.9163203463203462,0.0007822402947767692,-0.0032881266674334416
highest-temperature-in-buenos-aires-on-june-12-2026,Buenos Aires,degraded,microprice_minus_mid,120,price_bucket,"[0.04,0.20)",4,0.9912166130358002,0.6635933818213324,-0.09175088530409248,0.5078621831518643,-0.00705137460733001,-0.02620107351349549
highest-temperature-in-buenos-aires-on-june-12-2026,Buenos Aires,degraded,microprice_minus_mid,120,price_bucket,"[0.20,0.80]",3,0.9932297587470001,0.37369361936193624,0.0809300855324058,0.5495633508637122,0.00949582217764752,-0.04699926557366946
highest-temperature-in-buenos-aires-on-june-12-2026,Buenos Aires,degraded,microprice_minus_mid,300,price_bucket,"[0,0.04)",5,0.9849730593837505,0.8518451142697329,0.5110277229813638,0.9065914368335148,0.000998857302132645,-0.0032578228552586582
highest-temperature-in-buenos-aires-on-june-12-2026,Buenos Aires,degraded,microprice_minus_mid,300,price_bucket,"[0.04,0.20)",4,0.9776290316757908,0.583572810472296,-0.20129364177977016,0.45862398471094123,-0.012766868934322531,-0.025723255985086343
highest-temperature-in-buenos-aires-on-june-12-2026,Buenos Aires,degraded,microprice_minus_mid,300,price_bucket,"[0.20,0.80]",3,0.9839002730249415,0.217483164983165,-0.014815833879836269,0.5701231176631313,0.014158184310662686,-0.04692727097144902
highest-temperature-in-buenos-aires-on-june-12-2026,Buenos Aires,degraded,microprice_minus_mid,600,price_bucket,"[0,0.04)",5,0.9502145074453099,0.758142859570141,0.5197215459627215,0.8640799947472507,0.0020509910996301035,-0.0031762298308802574
highest-temperature-in-buenos-aires-on-june-12-2026,Buenos Aires,degraded,microprice_minus_mid,600,price_bucket,"[0.04,0.20)",4,0.9499514504643101,0.5257316503038804,-0.1922860941364404,0.5347387446349307,-0.015384746955503313,-0.023734222195912237
highest-temperature-in-buenos-aires-on-june-12-2026,Buenos Aires,degraded,microprice_minus_mid,600,price_bucket,"[0.20,0.80]",3,0.9726464958560449,0.16670523040513055,-0.08142526219099845,0.5636736894698086,0.012495645223733356,-0.047735335125041016
highest-temperature-in-buenos-aires-on-june-12-2026,Buenos Aires,degraded,microprice_minus_mid,900,price_bucket,"[0,0.04)",5,0.9464030769574746,0.6571799659271622,0.35168073881237705,0.7123862676866283,0.0022109493867988055,-0.003174932410314637
highest-temperature-in-buenos-aires-on-june-12-2026,Buenos Aires,degraded,microprice_minus_mid,900,price_bucket,"[0.04,0.20)",4,0.9386008102180222,0.4310248057715344,-0.30747594960710023,0.48682301522629867,-0.012211517397530701,-0.023967821234147375
highest-temperature-in-buenos-aires-on-june-12-2026,Buenos Aires,degraded,microprice_minus_mid,900,price_bucket,"[0.20,0.80]",3,0.9633651052749196,0.17211705831157528,-0.12463099602515552,0.580431135771693,0.004660781277280573,-0.04565022105103638
highest-temperature-in-chicago-on-june-4-2026,Chicago,clean,depth_imbalance_1,30,price_bucket,"(0.96,1]",1,0.4418604651162791,1.0,,,0.0,-0.0020000000000000018
highest-temperature-in-chicago-on-june-4-2026,Chicago,clean,depth_imbalance_1,30,price_bucket,"[0,0.04)",1,0.9813953488372092,0.9984202211690363,-0.06259697425726443,0.0,-3.3557046979865773e-06,-0.0015007898894154816
highest-temperature-in-chicago-on-june-4-2026,Chicago,clean,depth_imbalance_1,60,price_bucket,"(0.96,1]",1,0.0,,,,,
highest-temperature-in-chicago-on-june-4-2026,Chicago,clean,depth_imbalance_1,60,price_bucket,"[0,0.04)",1,0.9736434108527132,0.9856687898089171,0.00638865328086367,0.4444444444444444,-3.2679738562091506e-06,-0.001503980891719745
highest-temperature-in-chicago-on-june-4-2026,Chicago,clean,depth_imbalance_1,120,price_bucket,"(0.96,1]",1,0.27906976744186046,1.0,,,0.0,-0.0020000000000000018
highest-temperature-in-chicago-on-june-4-2026,Chicago,clean,depth_imbalance_1,120,price_bucket,"[0,0.04)",1,0.9705426356589147,0.9824281150159745,-0.03134591375532011,0.36363636363636365,-9.803921568627451e-06,-0.0015055910543130989
highest-temperature-in-chicago-on-june-4-2026,Chicago,clean,depth_imbalance_1,300,price_bucket,"(0.96,1]",1,0.06976744186046512,1.0,,,,-0.0020000000000000018
highest-temperature-in-chicago-on-june-4-2026,Chicago,clean,depth_imbalance_1,300,price_bucket,"[0,0.04)",1,0.9550387596899225,0.9935064935064936,0.16379362866316666,1.0,1.3071895424836602e-05,-0.0014999999999999998
highest-temperature-in-chicago-on-june-4-2026,Chicago,clean,depth_imbalance_1,600,price_bucket,"(0.96,1]",1,0.0,,,,,
highest-temperature-in-chicago-on-june-4-2026,Chicago,clean,depth_imbalance_1,600,price_bucket,"[0,0.04)",1,0.9209302325581395,0.9915824915824916,0.12052132982979545,0.8,9.803921568627451e-06,-0.0015008417508417507
highest-temperature-in-chicago-on-june-4-2026,Chicago,clean,depth_imbalance_1,900,price_bucket,"(0.96,1]",1,0.0,,,,,
highest-temperature-in-chicago-on-june-4-2026,Chicago,clean,depth_imbalance_1,900,price_bucket,"[0,0.04)",1,0.8930232558139535,0.9861111111111112,0.03176377630744672,0.5,0.0,-0.001503472222222222
highest-temperature-in-chicago-on-june-4-2026,Chicago,clean,microprice_minus_mid,30,price_bucket,"(0.96,1]",1,0.4418604651162791,1.0,,,0.0,-0.0020000000000000018
highest-temperature-in-chicago-on-june-4-2026,Chicago,clean,microprice_minus_mid,30,price_bucket,"[0,0.04)",1,0.9813953488372092,0.9984202211690363,-0.06259697425726443,0.0,-3.3557046979865773e-06,-0.0015007898894154816
highest-temperature-in-chicago-on-june-4-2026,Chicago,clean,microprice_minus_mid,60,price_bucket,"(0.96,1]",1,0.0,,,,,
highest-temperature-in-chicago-on-june-4-2026,Chicago,clean,microprice_minus_mid,60,price_bucket,"[0,0.04)",1,0.9736434108527132,0.9856687898089171,0.00638865328086367,0.4444444444444444,-3.2679738562091506e-06,-0.001503980891719745
highest-temperature-in-chicago-on-june-4-2026,Chicago,clean,microprice_minus_mid,120,price_bucket,"(0.96,1]",1,0.27906976744186046,1.0,,,0.0,-0.0020000000000000018
highest-temperature-in-chicago-on-june-4-2026,Chicago,clean,microprice_minus_mid,120,price_bucket,"[0,0.04)",1,0.9705426356589147,0.9824281150159745,-0.03134591375532011,0.36363636363636365,-9.803921568627451e-06,-0.0015055910543130989
highest-temperature-in-chicago-on-june-4-2026,Chicago,clean,microprice_minus_mid,300,price_bucket,"(0.96,1]",1,0.06976744186046512,1.0,,,,-0.0020000000000000018
highest-temperature-in-chicago-on-june-4-2026,Chicago,clean,microprice_minus_mid,300,price_bucket,"[0,0.04)",1,0.9550387596899225,0.9935064935064936,0.16379362866316666,1.0,1.3071895424836602e-05,-0.0014999999999999998
highest-temperature-in-chicago-on-june-4-2026,Chicago,clean,microprice_minus_mid,600,price_bucket,"(0.96,1]",1,0.0,,,,,
highest-temperature-in-chicago-on-june-4-2026,Chicago,clean,microprice_minus_mid,600,price_bucket,"[0,0.04)",1,0.9209302325581395,0.9915824915824916,0.12052132982979545,0.8,9.803921568627451e-06,-0.0015008417508417507
highest-temperature-in-chicago-on-june-4-2026,Chicago,clean,microprice_minus_mid,900,price_bucket,"(0.96,1]",1,0.0,,,,,
highest-temperature-in-chicago-on-june-4-2026,Chicago,clean,microprice_minus_mid,900,price_bucket,"[0,0.04)",1,0.8930232558139535,0.9861111111111112,0.03176377630744672,0.5,0.0,-0.001503472222222222
highest-temperature-in-denver-on-june-4-2026,Denver,clean,depth_imbalance_1,30,price_bucket,"(0.96,1]",1,0.7326732673267327,0.8918918918918919,0.541871121560874,1.0,0.0003809523809523813,-0.0017837837837837854
highest-temperature-in-denver-on-june-4-2026,Denver,clean,depth_imbalance_1,30,price_bucket,"[0,0.04)",1,0.9984627209838586,0.9953810623556582,0.0981847166545032,1.0,1.9161694529172734e-05,-0.0011189376443418017
highest-temperature-in-denver-on-june-4-2026,Denver,clean,depth_imbalance_1,60,price_bucket,"(0.96,1]",1,0.48514851485148514,1.0,,,0.0,-0.0020000000000000018
highest-temperature-in-denver-on-june-4-2026,Denver,clean,depth_imbalance_1,60,price_bucket,"[0,0.04)",1,0.9966179861644888,0.9913620237544347,0.13340039940223083,1.0,3.8134276248039334e-05,-0.00111715255283048
highest-temperature-in-denver-on-june-4-2026,Denver,clean,depth_imbalance_1,120,price_bucket,"(0.96,1]",1,0.7524752475247525,0.8947368421052632,0.5353741123983146,1.0,0.00040000000000000034,-0.0017894736842105278
highest-temperature-in-denver-on-june-4-2026,Denver,clean,depth_imbalance_1,120,price_bucket,"[0,0.04)",1,0.9926210607225211,0.9852872851169273,0.1725073887656413,1.0,6.592205103656206e-05,-0.001114604305404987
highest-temperature-in-denver-on-june-4-2026,Denver,clean,depth_imbalance_1,300,price_bucket,"(0.96,1]",1,0.6138613861386139,0.8709677419354839,0.5854950765960114,1.0,0.00047058823529411804,-0.0017419354838709693
highest-temperature-in-denver-on-june-4-2026,Denver,clean,depth_imbalance_1,300,price_bucket,"[0,0.04)",1,0.9833973866256726,0.9762388619665469,0.20911316794363774,1.0,8.128536029596513e-05,-0.001111224011255276
highest-temperature-in-denver-on-june-4-2026,Denver,clean,depth_imbalance_1,600,price_bucket,"(0.96,1]",1,0.43564356435643564,0.75,0.7251980859675242,1.0,0.0010129870129870137,-0.0015681818181818195
highest-temperature-in-denver-on-june-4-2026,Denver,clean,depth_imbalance_1,600,price_bucket,"[0,0.04)",1,0.965564950038432,0.9746855596242636,0.22168168312732206,1.0,8.493586046189695e-05,-0.0011127209043145998
highest-temperature-in-denver-on-june-4-2026,Denver,clean,depth_imbalance_1,900,price_bucket,"(0.96,1]",1,0.48514851485148514,0.7346938775510204,0.5942141835444751,1.0,0.0007272727272727279,-0.0015714285714285728
highest-temperature-in-denver-on-june-4-2026,Denver,clean,depth_imbalance_1,900,price_bucket,"[0,0.04)",1,0.9485011529592621,0.9565640194489465,0.2932315141578874,1.0,0.00011955172409550653,-0.0011059157212317669
highest-temperature-in-denver-on-june-4-2026,Denver,clean,microprice_minus_mid,30,price_bucket,"(0.96,1]",1,0.7326732673267327,0.8918918918918919,0.541871121560874,1.0,0.0003809523809523813,-0.0017837837837837854
highest-temperature-in-denver-on-june-4-2026,Denver,clean,microprice_minus_mid,30,price_bucket,"[0,0.04)",1,0.9984627209838586,0.9953810623556582,0.10630620442041712,1.0,2.016231543952283e-05,-0.0011189376443418017
highest-temperature-in-denver-on-june-4-2026,Denver,clean,microprice_minus_mid,60,price_bucket,"(0.96,1]",1,0.48514851485148514,1.0,,,0.0,-0.0020000000000000018
highest-temperature-in-denver-on-june-4-2026,Denver,clean,microprice_minus_mid,60,price_bucket,"[0,0.04)",1,0.9966179861644888,0.9913620237544347,0.14304994016813502,1.0,3.9764023336918614e-05,-0.00111715255283048
highest-temperature-in-denver-on-june-4-2026,Denver,clean,microprice_minus_mid,120,price_bucket,"(0.96,1]",1,0.7524752475247525,0.8947368421052632,0.5353741123983146,1.0,0.00040000000000000034,-0.0017894736842105278
highest-temperature-in-denver-on-june-4-2026,Denver,clean,microprice_minus_mid,120,price_bucket,"[0,0.04)",1,0.9926210607225211,0.9852872851169273,0.18395385027835548,1.0,6.845735145529806e-05,-0.001114604305404987
highest-temperature-in-denver-on-june-4-2026,Denver,clean,microprice_minus_mid,300,price_bucket,"(0.96,1]",1,0.6138613861386139,0.8709677419354839,0.5854950765960114,1.0,0.00047058823529411804,-0.0017419354838709693
highest-temperature-in-denver-on-june-4-2026,Denver,clean,microprice_minus_mid,300,price_bucket,"[0,0.04)",1,0.9833973866256726,0.9762388619665469,0.2277155556801463,1.0,8.655258955053615e-05,-0.001111224011255276
highest-temperature-in-denver-on-june-4-2026,Denver,clean,microprice_minus_mid,600,price_bucket,"(0.96,1]",1,0.43564356435643564,0.75,0.7251980859675242,1.0,0.0010129870129870137,-0.0015681818181818195
highest-temperature-in-denver-on-june-4-2026,Denver,clean,microprice_minus_mid,600,price_bucket,"[0,0.04)",1,0.965564950038432,0.9746855596242636,0.2345362548759595,1.0,8.877481177275838e-05,-0.0011127209043145998
highest-temperature-in-denver-on-june-4-2026,Denver,clean,microprice_minus_mid,900,price_bucket,"(0.96,1]",1,0.48514851485148514,0.7346938775510204,0.5942141835444751,1.0,0.0007272727272727279,-0.0015714285714285728
highest-temperature-in-denver-on-june-4-2026,Denver,clean,microprice_minus_mid,900,price_bucket,"[0,0.04)",1,0.9485011529592621,0.9565640194489465,0.3028654803161197,1.0,0.00012337798637593298,-0.0011059157212317669
highest-temperature-in-houston-on-june-12-2026,Houston,degraded,depth_imbalance_1,30,price_bucket,"[0,0.04)",6,0.9944790156403392,0.8583129740668577,0.04359264276518179,0.5809116688619959,0.0032821738412458635,-0.006509777668267983
highest-temperature-in-houston-on-june-12-2026,Houston,degraded,depth_imbalance_1,30,price_bucket,"[0.04,0.20)",9,0.991394850416395,0.4437190631838209,-0.04034889897395236,0.33860959472964636,0.018307413308934904,-0.09600152533876728
highest-temperature-in-houston-on-june-12-2026,Houston,degraded,depth_imbalance_1,30,price_bucket,"[0.20,0.80]",6,0.9977485959292136,0.24893321290208417,0.39093597317111095,0.4301961243944366,-0.052705713416297116,-0.3287135422811862
highest-temperature-in-houston-on-june-12-2026,Houston,degraded,depth_imbalance_1,60,price_bucket,"[0,0.04)",6,0.9940484829473024,0.7888629635515482,0.014601385375957204,0.5922573522679455,-0.0007994097512083411,-0.006817485473002456
highest-temperature-in-houston-on-june-12-2026,Houston,degraded,depth_imbalance_1,60,price_bucket,"[0.04,0.20)",9,0.9910387250602695,0.35822748771871216,-0.04289370748921398,0.32640294980239454,0.002703059105321457,-0.09956475895837152
highest-temperature-in-houston-on-june-12-2026,Houston,degraded,depth_imbalance_1,60,price_bucket,"[0.20,0.80]",6,0.9968166923434328,0.21718797714086288,0.37745138311898757,0.4151460590288285,-0.0513894196528001,-0.33986165001083385
highest-temperature-in-houston-on-june-12-2026,Houston,degraded,depth_imbalance_1,120,price_bucket,"[0,0.04)",6,0.9832015398671908,0.7329853221917211,-0.01703130049907656,0.5146854036512712,-0.00180782086604271,-0.007220498797311784
highest-temperature-in-houston-on-june-12-2026,Houston,degraded,depth_imbalance_1,120,price_bucket,"[0.04,0.20)",9,0.9778346114354769,0.2832450058538017,-0.039864046806681416,0.3459984583955987,0.0017440795942891434,-0.09915290054595426
highest-temperature-in-houston-on-june-12-2026,Houston,degraded,depth_imbalance_1,120,price_bucket,"[0.20,0.80]",6,0.9895098183063116,0.17369575408882335,0.45412592668996365,0.4203363062058714,-0.062186451197417794,-0.348310463660959
highest-temperature-in-houston-on-june-12-2026,Houston,degraded,depth_imbalance_1,300,price_bucket,"[0,0.04)",6,0.9777031291336223,0.5683674820639696,0.20902011449688346,0.6123437717172892,-0.0016016553510897803,-0.0074373278409895225
highest-temperature-in-houston-on-june-12-2026,Houston,degraded,depth_imbalance_1,300,price_bucket,"[0.04,0.20)",9,0.959158143084021,0.18683731896934996,-0.07274882112945541,0.30821849626424436,0.0032791951564449815,-0.10035674969404035
highest-temperature-in-houston-on-june-12-2026,Houston,degraded,depth_imbalance_1,300,price_bucket,"[0.20,0.80]",6,0.985099731820442,0.09753350411410155,0.37263896983601824,0.3937091047480658,-0.06873172762271475,-0.34895894996006754
highest-temperature-in-houston-on-june-12-2026,Houston,degraded,depth_imbalance_1,600,price_bucket,"[0,0.04)",6,0.7652787282874017,0.6394233006628953,0.1775452640315773,0.6622677667956961,-0.001864113094862118,-0.003068766306315587
highest-temperature-in-houston-on-june-12-2026,Houston,degraded,depth_imbalance_1,600,price_bucket,"[0.04,0.20)",9,0.9241347597609406,0.14222523264788173,-0.07345776372098942,0.32784724304507834,0.003013832770040197,-0.10097566395762847
highest-temperature-in-houston-on-june-12-2026,Houston,degraded,depth_imbalance_1,600,price_bucket,"[0.20,0.80]",6,0.9533241223029206,0.056408340167367704,0.36028360631546785,0.38930962305346545,-0.07242432796966844,-0.347136333365125
highest-temperature-in-houston-on-june-12-2026,Houston,degraded,depth_imbalance_1,900,price_bucket,"[0,0.04)",6,0.723219191274114,0.591435293582128,0.16658172770816485,0.7180204259124727,-0.0021134684121152957,-0.0033275396431084537
highest-temperature-in-houston-on-june-12-2026,Houston,degraded,depth_imbalance_1,900,price_bucket,"[0.04,0.20)",9,0.9001510408237391,0.10735433819282358,-0.1602593597808019,0.3724776664274791,0.00034546787843237655,-0.09431847040384972
highest-temperature-in-houston-on-june-12-2026,Houston,degraded,depth_imbalance_1,900,price_bucket,"[0.20,0.80]",6,0.9328222434157435,0.042712011873688525,0.41916089564677367,0.39312175353508994,-0.06868039238485636,-0.3484527894797176
highest-temperature-in-houston-on-june-12-2026,Houston,degraded,microprice_minus_mid,30,price_bucket,"[0,0.04)",6,0.9944790156403392,0.8583129740668577,0.10899192622803071,0.5809116688619959,0.002837038046934444,-0.006509777668267983
highest-temperature-in-houston-on-june-12-2026,Houston,degraded,microprice_minus_mid,30,price_bucket,"[0.04,0.20)",9,0.991394850416395,0.4437190631838209,0.1828424369531051,0.33860959472964636,0.01841945772356361,-0.09600152533876728
highest-temperature-in-houston-on-june-12-2026,Houston,degraded,microprice_minus_mid,30,price_bucket,"[0.20,0.80]",6,0.9977485959292136,0.24893321290208417,0.27450507861587414,0.4303591470258137,-0.001666074477403448,-0.32870378882753376
highest-temperature-in-houston-on-june-12-2026,Houston,degraded,microprice_minus_mid,60,price_bucket,"[0,0.04)",6,0.9940484829473024,0.7888629635515482,0.0808845477781428,0.5922573522679455,-4.7896202057497683e-05,-0.006817485473002456
highest-temperature-in-houston-on-june-12-2026,Houston,degraded,microprice_minus_mid,60,price_bucket,"[0.04,0.20)",9,0.9910387250602695,0.35822748771871216,0.17533840506626142,0.32640294980239454,0.002729540855738669,-0.09956475895837152
highest-temperature-in-houston-on-june-12-2026,Houston,degraded,microprice_minus_mid,60,price_bucket,"[0.20,0.80]",6,0.9968166923434328,0.21718797714086288,0.4341712649761905,0.4152781131771714,0.005323427907884487,-0.33985175887911184
highest-temperature-in-houston-on-june-12-2026,Houston,degraded,microprice_minus_mid,120,price_bucket,"[0,0.04)",6,0.9832015398671908,0.7329853221917211,0.035140521630300146,0.5146854036512712,-0.0026407080679436462,-0.007220498797311784
highest-temperature-in-houston-on-june-12-2026,Houston,degraded,microprice_minus_mid,120,price_bucket,"[0.04,0.20)",9,0.9778346114354769,0.2832450058538017,0.18639600445777915,0.3459984583955987,0.002096228760092294,-0.09915290054595426
highest-temperature-in-houston-on-june-12-2026,Houston,degraded,microprice_minus_mid,120,price_bucket,"[0.20,0.80]",6,0.9895098183063116,0.17369575408882335,0.21448940755968668,0.42043990630947153,-0.010051734453852726,-0.34829980184381454
highest-temperature-in-houston-on-june-12-2026,Houston,degraded,microprice_minus_mid,300,price_bucket,"[0,0.04)",6,0.9777031291336223,0.5683674820639696,0.23011298177601747,0.6123437717172892,-0.002428937725815468,-0.0074373278409895225
highest-temperature-in-houston-on-june-12-2026,Houston,degraded,microprice_minus_mid,300,price_bucket,"[0.04,0.20)",9,0.959158143084021,0.18683731896934996,0.1710419741359923,0.30821849626424436,0.003650889310556398,-0.10035674969404035
highest-temperature-in-houston-on-june-12-2026,Houston,degraded,microprice_minus_mid,300,price_bucket,"[0.20,0.80]",6,0.985099731820442,0.09753350411410155,0.15742700459248865,0.3935594186377886,-0.01606193913862815,-0.3489509928112288
highest-temperature-in-houston-on-june-12-2026,Houston,degraded,microprice_minus_mid,600,price_bucket,"[0,0.04)",6,0.7652787282874017,0.6394233006628953,0.21031431710990872,0.6622677667956961,-0.0026811485575592093,-0.003068766306315587
highest-temperature-in-houston-on-june-12-2026,Houston,degraded,microprice_minus_mid,600,price_bucket,"[0.04,0.20)",9,0.9241347597609406,0.14222523264788173,0.18085454499082754,0.32784724304507834,0.004256581594816184,-0.10097566395762847
highest-temperature-in-houston-on-june-12-2026,Houston,degraded,microprice_minus_mid,600,price_bucket,"[0.20,0.80]",6,0.9533241223029206,0.056408340167367704,0.14702909903351238,0.38918495297805644,-0.015600584109637028,-0.3471274133426265
highest-temperature-in-houston-on-june-12-2026,Houston,degraded,microprice_minus_mid,900,price_bucket,"[0,0.04)",6,0.723219191274114,0.591435293582128,0.1642357631458723,0.7180204259124727,-0.0036930470037727916,-0.0033275396431084537
highest-temperature-in-houston-on-june-12-2026,Houston,degraded,microprice_minus_mid,900,price_bucket,"[0.04,0.20)",9,0.9001510408237391,0.10735433819282358,0.12154973484220655,0.3724776664274791,0.003968237614551688,-0.09431847040384972
highest-temperature-in-houston-on-june-12-2026,Houston,degraded,microprice_minus_mid,900,price_bucket,"[0.20,0.80]",6,0.9328222434157435,0.042712011873688525,0.1530491716281297,0.3929858368729842,-0.014857647288608982,-0.3484466633814351
highest-temperature-in-mexico-city-on-june-12-2026,Mexico City,degraded,depth_imbalance_1,30,price_bucket,"[0,0.04)",7,0.9922886233361833,0.9728344873775914,0.025128305471383217,0.7249589490968801,-1.4636424093732585e-05,-0.00348395905499337
highest-temperature-in-mexico-city-on-june-12-2026,Mexico City,degraded,depth_imbalance_1,30,price_bucket,"[0.04,0.20)",5,0.999089874857793,0.8109010885497021,-0.016438494349673954,0.4984317080125463,-0.002851731337354575,-0.06346188803067122
highest-temperature-in-mexico-city-on-june-12-2026,Mexico City,degraded,depth_imbalance_1,30,price_bucket,"[0.20,0.80]",3,0.9947197135327035,0.7121983603540155,0.037488894001584415,0.5385080178957423,0.003726072967735885,-0.08131756989698045
highest-temperature-in-mexico-city-on-june-12-2026,Mexico City,degraded,depth_imbalance_1,60,price_bucket,"[0,0.04)",7,0.9642206350968868,0.9516489433896049,-0.0037549827274685143,0.6326839265651814,-3.2119180723190904e-05,-0.003492545123902073
highest-temperature-in-mexico-city-on-june-12-2026,Mexico City,degraded,depth_imbalance_1,60,price_bucket,"[0.04,0.20)",5,0.9959044368600682,0.7170567589684664,-0.044596936864723206,0.4744001831501832,-0.006522114568191108,-0.05715602661413557
highest-temperature-in-mexico-city-on-june-12-2026,Mexico City,degraded,depth_imbalance_1,60,price_bucket,"[0.20,0.80]",3,0.9809962850388382,0.6181286567343123,0.10950436631067954,0.5872441249439272,0.006572610160263494,-0.08089831297454801
highest-temperature-in-mexico-city-on-june-12-2026,Mexico City,degraded,depth_imbalance_1,120,price_bucket,"[0,0.04)",7,0.9490793219293593,0.9310973754676751,-0.007553058133674739,0.6337748467084429,-6.853338057772521e-05,-0.0034833641735400544
highest-temperature-in-mexico-city-on-june-12-2026,Mexico City,degraded,depth_imbalance_1,120,price_bucket,"[0.04,0.20)",5,0.9945392491467576,0.5265885977379517,-0.16969453996475656,0.5033665855135154,-0.028931120388673636,-0.04280976701151763
highest-temperature-in-mexico-city-on-june-12-2026,Mexico City,degraded,depth_imbalance_1,120,price_bucket,"[0.20,0.80]",3,0.9747028273456045,0.5282644237035762,0.16094603122522128,0.6318087411955933,0.008189396888143016,-0.08049857389401073
highest-temperature-in-mexico-city-on-june-12-2026,Mexico City,degraded,depth_imbalance_1,300,price_bucket,"[0,0.04)",7,0.9240467897352685,0.893770232280682,0.07060850830077955,0.6943371461497081,0.00033071297941995116,-0.003308032196662424
highest-temperature-in-mexico-city-on-june-12-2026,Mexico City,degraded,depth_imbalance_1,300,price_bucket,"[0.04,0.20)",5,0.9927189988623436,0.33907828894726283,-0.04914324384199345,0.5449372508523224,-0.009564379891037537,-0.045573966201666115
highest-temperature-in-mexico-city-on-june-12-2026,Mexico City,degraded,depth_imbalance_1,300,price_bucket,"[0.20,0.80]",3,0.961998241897458,0.423452368636104,0.19087254794286104,0.6896178734771731,0.010429890808536709,-0.07821350217565644
highest-temperature-in-mexico-city-on-june-12-2026,Mexico City,degraded,depth_imbalance_1,600,price_bucket,"[0,0.04)",7,0.8726645920402171,0.827648391302748,0.013374076391122269,0.6696253306227731,-0.00130901824483673,-0.003304111755289559
highest-temperature-in-mexico-city-on-june-12-2026,Mexico City,degraded,depth_imbalance_1,600,price_bucket,"[0.04,0.20)",5,0.98839590443686,0.16930364929680233,0.18800474772393624,0.5784475202030085,-0.01292300684310944,-0.04650659888473537
highest-temperature-in-mexico-city-on-june-12-2026,Mexico City,degraded,depth_imbalance_1,600,price_bucket,"[0.20,0.80]",3,0.9270200485094101,0.31825507994560726,0.3626735058384394,0.7816941673066712,0.022076560782565455,-0.07453108899340304
highest-temperature-in-mexico-city-on-june-12-2026,Mexico City,degraded,depth_imbalance_1,900,price_bucket,"[0,0.04)",7,0.7214989434612067,0.811919880339509,0.00903715562406746,0.5799656002146262,-0.001506384434686205,-0.0033031264846214645
highest-temperature-in-mexico-city-on-june-12-2026,Mexico City,degraded,depth_imbalance_1,900,price_bucket,"[0.04,0.20)",5,0.9772468714448237,0.09720489440512083,-0.030144182935980823,0.5748307882714814,-0.018784171192947237,-0.04856327062396898
highest-temperature-in-mexico-city-on-june-12-2026,Mexico City,degraded,depth_imbalance_1,900,price_bucket,"[0.20,0.80]",3,0.8634421805642409,0.30456115124390254,0.3582595602734167,0.7815294133078864,0.028298655774947584,-0.07313121265559226
highest-temperature-in-mexico-city-on-june-12-2026,Mexico City,degraded,microprice_minus_mid,30,price_bucket,"[0,0.04)",7,0.9922886233361833,0.9728344873775914,0.11529761577342665,0.7249589490968801,9.564022436471054e-05,-0.00348395905499337
highest-temperature-in-mexico-city-on-june-12-2026,Mexico City,degraded,microprice_minus_mid,30,price_bucket,"[0.04,0.20)",5,0.999089874857793,0.8109010885497021,0.02317808567909551,0.4968160045083122,-0.0028282331989357935,-0.0634509211622094
highest-temperature-in-mexico-city-on-june-12-2026,Mexico City,degraded,microprice_minus_mid,30,price_bucket,"[0.20,0.80]",3,0.9947197135327035,0.7121983603540155,0.022803084533004694,0.5385080178957423,0.0011296823338963506,-0.0809547942937879
highest-temperature-in-mexico-city-on-june-12-2026,Mexico City,degraded,microprice_minus_mid,60,price_bucket,"[0,0.04)",7,0.9642206350968868,0.9516489433896049,0.12332722992233398,0.6326839265651814,0.00011386654268007484,-0.003492545123902073
highest-temperature-in-mexico-city-on-june-12-2026,Mexico City,degraded,microprice_minus_mid,60,price_bucket,"[0.04,0.20)",5,0.9959044368600682,0.7170567589684664,-0.004847924520328351,0.4730725767464346,-0.007135730873457974,-0.0571449632140395
highest-temperature-in-mexico-city-on-june-12-2026,Mexico City,degraded,microprice_minus_mid,60,price_bucket,"[0.20,0.80]",3,0.9809962850388382,0.6181286567343123,0.10276363450322833,0.5872441249439272,0.0030941302509923502,-0.08063607446841554
highest-temperature-in-mexico-city-on-june-12-2026,Mexico City,degraded,microprice_minus_mid,120,price_bucket,"[0,0.04)",7,0.9490793219293593,0.9310973754676751,0.17821994078603606,0.6337748467084429,0.0002048556370845023,-0.0034833641735400544
highest-temperature-in-mexico-city-on-june-12-2026,Mexico City,degraded,microprice_minus_mid,120,price_bucket,"[0.04,0.20)",5,0.9945392491467576,0.5265885977379517,-0.11345669415739348,0.5021031725678594,-0.028673980460696868,-0.04279776502832927
highest-temperature-in-mexico-city-on-june-12-2026,Mexico City,degraded,microprice_minus_mid,120,price_bucket,"[0.20,0.80]",3,0.9747028273456045,0.5282644237035762,0.1249060488498676,0.6318087411955933,0.0017868095379118063,-0.08023276849744491
highest-temperature-in-mexico-city-on-june-12-2026,Mexico City,degraded,microprice_minus_mid,300,price_bucket,"[0,0.04)",7,0.9240467897352685,0.893770232280682,0.23534729708674149,0.6943371461497081,0.0011604974373977852,-0.003308032196662424
highest-temperature-in-mexico-city-on-june-12-2026,Mexico City,degraded,microprice_minus_mid,300,price_bucket,"[0.04,0.20)",5,0.9927189988623436,0.33907828894726283,0.00979190912779258,0.5437776790019286,-0.010879832615271751,-0.04555820617027117
highest-temperature-in-mexico-city-on-june-12-2026,Mexico City,degraded,microprice_minus_mid,300,price_bucket,"[0.20,0.80]",3,0.961998241897458,0.423452368636104,0.14425988939693976,0.6896178734771731,0.0024524877379215313,-0.07799960028255681
highest-temperature-in-mexico-city-on-june-12-2026,Mexico City,degraded,microprice_minus_mid,600,price_bucket,"[0,0.04)",7,0.8726645920402171,0.827648391302748,0.2317639518359107,0.6696253306227731,-0.0001319216097570396,-0.003304111755289559
highest-temperature-in-mexico-city-on-june-12-2026,Mexico City,degraded,microprice_minus_mid,600,price_bucket,"[0.04,0.20)",5,0.98839590443686,0.16930364929680233,0.302813633534245,0.5774163976349799,-0.006954058034995459,-0.04649178103658419
highest-temperature-in-mexico-city-on-june-12-2026,Mexico City,degraded,microprice_minus_mid,600,price_bucket,"[0.20,0.80]",3,0.9270200485094101,0.31825507994560726,0.2234127143438307,0.7816941673066712,0.0049957364941307135,-0.07448840855213748
highest-temperature-in-mexico-city-on-june-12-2026,Mexico City,degraded,microprice_minus_mid,900,price_bucket,"[0,0.04)",7,0.7214989434612067,0.811919880339509,0.2563293064481045,0.5799656002146262,-1.6927856148889202e-05,-0.0033031264846214645
highest-temperature-in-mexico-city-on-june-12-2026,Mexico City,degraded,microprice_minus_mid,900,price_bucket,"[0.04,0.20)",5,0.9772468714448237,0.09720489440512083,0.06251363244321746,0.5739217064561186,-0.011146363840965541,-0.04854871255194473
highest-temperature-in-mexico-city-on-june-12-2026,Mexico City,degraded,microprice_minus_mid,900,price_bucket,"[0.20,0.80]",3,0.8634421805642409,0.30456115124390254,0.240411033254363,0.7815294133078864,0.016101813635132578,-0.07313121265559226
highest-temperature-in-seattle-on-june-5-2026,Seattle,clean,depth_imbalance_1,30,price_bucket,"(0.96,1]",1,0.9974506704736654,0.9396820528548792,0.03599068355133758,0.45879354290569246,9.563171152061285e-05,-0.0026449260529144056
highest-temperature-in-seattle-on-june-5-2026,Seattle,clean,depth_imbalance_1,30,price_bucket,"[0,0.04)",6,0.9960410937578766,0.9700357468393563,0.08441558700357087,0.5709006956543,2.7406101837588728e-05,-0.0012345029565229548
highest-temperature-in-seattle-on-june-5-2026,Seattle,clean,depth_imbalance_1,60,price_bucket,"(0.96,1]",1,0.9949523275378576,0.9090396638310956,0.06813907192804791,0.4844895657078398,0.00019570871052245771,-0.0026239482864765236
highest-temperature-in-seattle-on-june-5-2026,Seattle,clean,depth_imbalance_1,60,price_bucket,"[0,0.04)",6,0.9948608488865833,0.9584740802479009,0.07975400815048528,0.5996320143170288,4.0527606704062566e-05,-0.0012328644144856459
highest-temperature-in-seattle-on-june-5-2026,Seattle,clean,depth_imbalance_1,120,price_bucket,"(0.96,1]",1,0.994034568908377,0.8811551087402544,0.08459881094507682,0.4816414686825054,0.0003577917397555954,-0.0026084266201088836
highest-temperature-in-seattle-on-june-5-2026,Seattle,clean,depth_imbalance_1,120,price_bucket,"[0,0.04)",6,0.9929692012838475,0.9475182281097924,0.09520979271009246,0.641281697000917,7.273349149045685e-05,-0.0012302094963337824
highest-temperature-in-seattle-on-june-5-2026,Seattle,clean,depth_imbalance_1,300,price_bucket,"(0.96,1]",1,0.9855707948809463,0.8536989136057941,0.11299039154094215,0.4966228226093139,0.00023612518859321294,-0.0025852970117561966
highest-temperature-in-seattle-on-june-5-2026,Seattle,clean,depth_imbalance_1,300,price_bucket,"[0,0.04)",6,0.9884636683406439,0.9235704630122955,0.11099780155993334,0.6535129709678636,8.850789904245711e-05,-0.0012261112714788004
highest-temperature-in-seattle-on-june-5-2026,Seattle,clean,depth_imbalance_1,600,price_bucket,"(0.96,1]",1,0.9841941569367256,0.8122053566803088,0.12575630941747096,0.5303240099695375,0.00032653483867859393,-0.0025306519371402114
highest-temperature-in-seattle-on-june-5-2026,Seattle,clean,depth_imbalance_1,600,price_bucket,"[0,0.04)",6,0.9763061162228498,0.890080722034054,0.15657964265684954,0.6962853448876211,0.0001914694942673982,-0.0012210334604998352
highest-temperature-in-seattle-on-june-5-2026,Seattle,clean,depth_imbalance_1,900,price_bucket,"(0.96,1]",1,0.9900576148472952,0.7997219075084973,0.12194833482593669,0.5328523576397836,0.000527876763658432,-0.0025109300886781
highest-temperature-in-seattle-on-june-5-2026,Seattle,clean,depth_imbalance_1,900,price_bucket,"[0,0.04)",6,0.9710623249013519,0.8578426800565003,0.21798414254739273,0.7232590475754482,0.00025546914107009926,-0.0012102832487494426
highest-temperature-in-seattle-on-june-5-2026,Seattle,clean,microprice_minus_mid,30,price_bucket,"(0.96,1]",1,0.9974506704736654,0.9396820528548792,0.004030286622689603,0.45932203389830506,0.00010797778996435086,-0.0026448782234957226
highest-temperature-in-seattle-on-june-5-2026,Seattle,clean,microprice_minus_mid,30,price_bucket,"[0,0.04)",6,0.9960410937578766,0.9700357468393563,0.0898362313744125,0.5709006956543,3.708472332579461e-05,-0.0012345029565229548
highest-temperature-in-seattle-on-june-5-2026,Seattle,clean,microprice_minus_mid,60,price_bucket,"(0.96,1]",1,0.9949523275378576,0.9090396638310956,0.02176049407084748,0.48507042253521127,0.00019226524738491217,-0.0026238779174147424
highest-temperature-in-seattle-on-june-5-2026,Seattle,clean,microprice_minus_mid,60,price_bucket,"[0,0.04)",6,0.9948608488865833,0.9584740802479009,0.07827514449812514,0.5996320143170288,4.2591012058989874e-05,-0.0012328644144856459
highest-temperature-in-seattle-on-june-5-2026,Seattle,clean,microprice_minus_mid,120,price_bucket,"(0.96,1]",1,0.994034568908377,0.8811551087402544,0.03209989339354903,0.4820889080707812,0.0003457540520217685,-0.0026083585767828926
highest-temperature-in-seattle-on-june-5-2026,Seattle,clean,microprice_minus_mid,120,price_bucket,"[0,0.04)",6,0.9929692012838475,0.9475182281097924,0.09734782755972034,0.641281697000917,0.00010778345979440091,-0.0012302094963337824
highest-temperature-in-seattle-on-june-5-2026,Seattle,clean,microprice_minus_mid,300,price_bucket,"(0.96,1]",1,0.9855707948809463,0.8536989136057941,0.05762110104403798,0.4969804618117229,0.00021121610089570964,-0.002585132825850572
highest-temperature-in-seattle-on-june-5-2026,Seattle,clean,microprice_minus_mid,300,price_bucket,"[0,0.04)",6,0.9884636683406439,0.9235704630122955,0.11379806212600947,0.6535129709678636,0.00014820917878732395,-0.0012261112714788004
highest-temperature-in-seattle-on-june-5-2026,Seattle,clean,microprice_minus_mid,600,price_bucket,"(0.96,1]",1,0.9841941569367256,0.8122053566803088,0.09774961539182322,0.5305840022142264,0.0003275102296768286,-0.0025305434557146038
highest-temperature-in-seattle-on-june-5-2026,Seattle,clean,microprice_minus_mid,600,price_bucket,"[0,0.04)",6,0.9763061162228498,0.890080722034054,0.15444145744757212,0.6962853448876211,0.0001786346120340802,-0.0012210334604998352
highest-temperature-in-seattle-on-june-5-2026,Seattle,clean,microprice_minus_mid,900,price_bucket,"(0.96,1]",1,0.9900576148472952,0.7997219075084973,0.09347764678664026,0.5332131822863028,0.0002848746879481424,-0.0025109541728955327
highest-temperature-in-seattle-on-june-5-2026,Seattle,clean,microprice_minus_mid,900,price_bucket,"[0,0.04)",6,0.9710623249013519,0.8578426800565003,0.21033115923374304,0.7232590475754482,0.0002965124691068924,-0.0012102832487494426
