event_slug,city,event_date,cohort,scope,rows,coverage,zero_rate,ic,crossing_markout,top1_update_share,top3_update_share,top1_trade_share,top3_trade_share,top1_probability_mass,top3_probability_mass,active_market_count
highest-temperature-in-busan-on-june-6-2026,Busan,2026-06-06,clean,all_market,23251,0.9990538041374565,0.8666322269576822,0.044472808047503434,-0.006667036940233492,0.14831260321912026,0.49537806498263376,0.41875,0.775,0.5646262822736987,0.8802793256530078,4.09915014164306
highest-temperature-in-busan-on-june-6-2026,Busan,2026-06-06,clean,dynamic_active,8682,0.9993089149965446,0.7538035961272476,0.08319839462344224,-0.01340164613927049,0.21424406370582957,0.7155953533888723,0.41875,0.775,0.5962650180409489,0.9460938702797329,4.09915014164306
highest-temperature-in-lucknow-on-june-6-2026,Lucknow,2026-06-06,degraded,all_market,25252,0.999128781878663,0.8661910424098296,0.0657031665377311,-0.00588442691526234,0.1583725840282467,0.5098185423458729,0.3584158415841584,0.6633663366336634,0.5367606749543878,0.8757355497195402,5.043893959148196
highest-temperature-in-lucknow-on-june-6-2026,Lucknow,2026-06-06,degraded,dynamic_active,11606,0.9994830260210236,0.770603448275862,0.09179744379569496,-0.01049669737528246,0.20206625839505563,0.6504732239127831,0.3584158415841584,0.6633663366336634,0.562073599440977,0.9289709660957817,5.043893959148196
highest-temperature-in-hong-kong-on-june-6-2026,Hong Kong,2026-06-06,clean,all_market,35881,0.9994426019341713,0.9105156019073646,0.04214398734329158,-0.0025864707853871065,0.27966348635966287,0.6371935110613504,0.417296389588581,0.780016792611251,0.7450128699022348,0.9389742700357062,4.4047884187082404
highest-temperature-in-hong-kong-on-june-6-2026,Hong Kong,2026-06-06,clean,dynamic_active,15822,0.999620781190747,0.8231537683358624,0.0864615607589652,-0.004667205630587786,0.3072415987120615,0.7000282932025913,0.417296389588581,0.780016792611251,0.7560579523288149,0.9570498130446974,4.4047884187082404
highest-temperature-in-denver-on-june-6-2026,Denver,2026-06-06,clean,all_market,32995,0.9993332323079255,0.8604615897855822,0.03125762323524223,-0.008956224850627973,0.19023530329643915,0.5063153810631348,0.42052313883299797,0.682092555331992,0.49295334649806655,0.8701218144988474,4.442677269715043
highest-temperature-in-denver-on-june-6-2026,Denver,2026-06-06,clean,dynamic_active,13408,0.9995525059665871,0.7577973436800478,0.0643788833204783,-0.018027399322544223,0.2714297319008235,0.7224161118248255,0.42052313883299797,0.682092555331992,0.5266151165634679,0.9427639945056085,4.442677269715043
highest-temperature-in-chongqing-on-june-6-2026,Chongqing,2026-06-06,clean,all_market,23254,0.9990539262062441,0.8838670798898072,0.0356083098777894,-0.005564926343154246,0.29716539373860246,0.6987513467264246,0.5036496350364964,0.9036496350364963,0.5375014736954027,0.9212549777613579,4.547160957297043
highest-temperature-in-chongqing-on-june-6-2026,Chongqing,2026-06-06,clean,dynamic_active,9690,0.9993808049535604,0.7736472532011566,0.07500145130216139,-0.010568766267568974,0.3310348050924836,0.7783914976155065,0.5036496350364964,0.9036496350364963,0.5562300187635469,0.9613192878155262,4.547160957297043
highest-temperature-in-jeddah-on-june-6-2026,Jeddah,2026-06-06,degraded,all_market,26387,0.9991662561109638,0.8570453252417979,0.04078371729121616,-0.006176925715592484,0.2737259839071651,0.779613005637966,0.38,0.8825,0.6756514963567992,0.953928012330913,3.7115146512587702
highest-temperature-in-jeddah-on-june-6-2026,Jeddah,2026-06-06,degraded,dynamic_active,8993,0.9993328144112087,0.6706353621898298,0.08410453448622766,-0.01487781912494362,0.3264171593062648,0.9296854431798155,0.38,0.8825,0.693867142484695,0.9818908183852791,3.7115146512587702
highest-temperature-in-seattle-on-june-6-2026,Seattle,2026-06-06,clean,all_market,33846,0.9993499970454411,0.8279328287606433,0.057264707706527265,-0.00636517587045495,0.1774708046111387,0.4856573433483503,0.22473246135552913,0.5648038049940547,0.49083198739757977,0.8448138385139436,4.988680465717982
highest-temperature-in-seattle-on-june-6-2026,Seattle,2026-06-06,clean,dynamic_active,15425,0.999611021069692,0.7283870549322264,0.08190598386086005,-0.01071663732968251,0.24053499378462548,0.6582355127070927,0.22473246135552913,0.5648038049940547,0.5241210264328353,0.9178722540290621,4.988680465717982
highest-temperature-in-nyc-on-june-6-2026,NYC,2026-06-06,clean,all_market,31865,0.9993095873215126,0.8419746883145433,0.058802042526904484,-0.0048485836720547,0.150933100073237,0.49619669054777327,0.28539156626506024,0.6965361445783133,0.5136664597388186,0.8913819330145986,5.163391933815926
highest-temperature-in-nyc-on-june-6-2026,NYC,2026-06-06,clean,dynamic_active,14979,0.9995994392149009,0.7395979429640018,0.09980311776387021,-0.00813269760257874,0.20291699843100294,0.6670951767935286,0.28539156626506024,0.6965361445783133,0.5309335887934274,0.9277248882566351,5.163391933815926
highest-temperature-in-taipei-on-june-7-2026,Taipei,2026-06-07,degraded,all_market,22932,0.9990406418977847,0.8241815800960279,0.05588936967379548,-0.006850662700669262,0.14694434103684306,0.4266654685648023,0.35611510791366907,0.6738609112709832,0.5506083323180248,0.8325052070194533,5.523239099185433
highest-temperature-in-taipei-on-june-7-2026,Taipei,2026-06-07,degraded,dynamic_active,11527,0.9994794829530668,0.7106153979689263,0.08761582358166493,-0.01166823570432357,0.18738586675785202,0.544090899169874,0.35611510791366907,0.6738609112709832,0.5780453498301571,0.8930315596467086,5.523239099185433
highest-temperature-in-warsaw-on-june-7-2026,Warsaw,2026-06-07,clean,all_market,27429,0.999197929199023,0.8783522457766264,0.04973702650778532,-0.003928717611373022,0.21496971937930762,0.5854890515740806,0.4543973941368078,0.8289902280130294,0.5869446182774941,0.9453303221872205,4.266241530490235
highest-temperature-in-warsaw-on-june-7-2026,Warsaw,2026-06-07,clean,dynamic_active,10704,0.999439461883408,0.7416339502710787,0.09294867102143725,-0.008041682295573893,0.27788517337559826,0.7568448573871046,0.4543973941368078,0.8289902280130294,0.602541234944799,0.9745859455597999,4.266241530490235
highest-temperature-in-tel-aviv-on-june-7-2026,Tel Aviv,2026-06-07,degraded,all_market,25508,0.9991375254822017,0.8433257474691987,0.05576786290125341,-0.005692772038158572,0.20269373182512693,0.5678592771945389,0.35472370766488415,0.7914438502673797,0.5436819526295544,0.923546798550646,4.6122361051271
highest-temperature-in-tel-aviv-on-june-7-2026,Tel Aviv,2026-06-07,degraded,dynamic_active,10705,0.9994395142456796,0.7204411627254884,0.07391931294122916,-0.010447621771041846,0.27704130825617773,0.7761487029855962,0.35472370766488415,0.7914438502673797,0.5629774436941876,0.961925570048826,4.6122361051271
highest-temperature-in-moscow-on-june-7-2026,Moscow,2026-06-07,degraded,all_market,26699,0.9991759991010899,0.8338268920793193,0.05093134574829826,-0.008592769543299976,0.2307862301169214,0.5856000799510722,0.2962328767123288,0.7345890410958904,0.5024394569635477,0.8610946359625132,4.2212171052631575
highest-temperature-in-moscow-on-june-7-2026,Moscow,2026-06-07,degraded,dynamic_active,10266,0.9994155464640561,0.6762183235867446,0.07594955798134469,-0.017002407625786163,0.32506939212498515,0.8248354415321781,0.2962328767123288,0.7345890410958904,0.5471104177559882,0.9530674694107153,4.2212171052631575
highest-temperature-in-istanbul-on-june-7-2026,Istanbul,2026-06-07,degraded,all_market,25488,0.9991368487131199,0.7751511819681144,0.05572409691253935,-0.007594824156588161,0.14761243175753422,0.420938502215585,0.3290676416819013,0.6252285191956124,0.452660681145474,0.8013746943166417,5.073738680465718
highest-temperature-in-istanbul-on-june-7-2026,Istanbul,2026-06-07,degraded,dynamic_active,11766,0.9994900560938297,0.6429421768707483,0.05733327847582677,-0.012365569927945136,0.19600355304743708,0.5589328829989281,0.3290676416819013,0.6252285191956124,0.4900806791637421,0.8880104365596592,5.073738680465718
highest-temperature-in-helsinki-on-june-7-2026,Helsinki,2026-06-07,degraded,all_market,26151,0.9991587319796567,0.8289257147231046,0.04160260737977142,-0.0063306302843966185,0.1512996411024493,0.4048830656067952,0.33614864864864863,0.8040540540540541,0.5204315088892026,0.8923260158609946,4.428571428571429
highest-temperature-in-helsinki-on-june-7-2026,Helsinki,2026-06-07,degraded,dynamic_active,10633,0.999435718988056,0.6890938176343276,0.07428059532628532,-0.012492874786243587,0.2718524509599465,0.727486548780731,0.33614864864864863,0.8040540540540541,0.546955425510265,0.9457538153433317,4.428571428571429
highest-temperature-in-san-francisco-on-june-7-2026,San Francisco,2026-06-07,clean,all_market,34038,0.9993536635525001,0.8504821260583255,0.04429505097595184,-0.011749306825556015,0.1731761395798651,0.43784294967530096,0.3766891891891892,0.6976351351351351,0.4939662002325982,0.8789634117360711,4.807741935483871
highest-temperature-in-san-francisco-on-june-7-2026,San Francisco,2026-06-07,clean,dynamic_active,14904,0.999597423510467,0.7400322190898108,0.08366075635451903,-0.02331090306881168,0.24305144321253305,0.6145093722333296,0.3766891891891892,0.6976351351351351,0.5171183363646262,0.9287611758321629,4.807741935483871
highest-temperature-in-mexico-city-on-june-8-2026,Mexico City,2026-06-08,clean,all_market,35285,0.9993765055972793,0.8570739868984488,0.046021773790129256,-0.006919472871762622,0.18380089037079714,0.4533229545273455,0.3549107142857143,0.7566964285714286,0.47067303973313396,0.8478079204129314,4.729956494717215
highest-temperature-in-mexico-city-on-june-8-2026,Mexico City,2026-06-08,clean,dynamic_active,15221,0.999605807765587,0.7639171869865264,0.08292854789419588,-0.01216414917791739,0.26256948183950113,0.6475962822381872,0.3549107142857143,0.7566964285714286,0.5065828120046657,0.9300961919686414,4.729956494717215
highest-temperature-in-houston-on-june-8-2026,Houston,2026-06-08,clean,all_market,34692,0.9993658480341289,0.8364003461205654,0.05705631738579386,-0.006240602374746598,0.1838088618728992,0.487757397983225,0.30597014925373134,0.746268656716418,0.5182881464824123,0.8827342000751655,4.5631929046563195
highest-temperature-in-houston-on-june-8-2026,Houston,2026-06-08,clean,dynamic_active,14406,0.9995835068721366,0.7353472222222223,0.07706948185409397,-0.010724634640934202,0.27242424374693547,0.7229082369784505,0.30597014925373134,0.746268656716418,0.5502372767393643,0.9493107914445571,4.5631929046563195
highest-temperature-in-manila-on-june-8-2026,Manila,2026-06-08,clean,all_market,28759,0.9992350220800446,0.8757351150085256,0.028285728564406823,-0.007821214878057314,0.2089463418166559,0.584943549218156,0.43291139240506327,0.8759493670886076,0.49681311471564027,0.9009958220705111,4.1969639468690705
highest-temperature-in-manila-on-june-8-2026,Manila,2026-06-08,clean,dynamic_active,11059,0.9992766072881816,0.7635508098814587,0.042970411786781564,-0.015663061336254103,0.2910306194889381,0.814737803088199,0.43291139240506327,0.8759493670886076,0.5296178098484103,0.9740774132531066,4.1969639468690705
highest-temperature-in-dallas-on-june-8-2026,Dallas,2026-06-08,clean,all_market,33881,0.9993506685162775,0.8586786378806226,0.06464814352958977,-0.0059563628676692635,0.15780791821174595,0.49036187916906915,0.25835866261398177,0.6048632218844985,0.4802166283388627,0.8492334071806946,4.875768359754125
highest-temperature-in-dallas-on-june-8-2026,Dallas,2026-06-08,clean,dynamic_active,15071,0.9996018844137748,0.7717889147029539,0.07739373051784092,-0.009546064938535541,0.21790016373585572,0.677088545185618,0.25835866261398177,0.6048632218844985,0.5238027497973526,0.945276405857225,4.875768359754125
highest-temperature-in-amsterdam-on-june-8-2026,Amsterdam,2026-06-08,clean,all_market,33787,0.9993488619883387,0.8629942247889827,0.049769522150698096,-0.005193338483479915,0.15648193275642344,0.4867733119609521,0.32172470978441126,0.6766169154228856,0.5140205992943362,0.9005450195450453,4.7012691181256105
highest-temperature-in-amsterdam-on-june-8-2026,Amsterdam,2026-06-08,clean,dynamic_active,14447,0.9995846888627397,0.7606121459732705,0.08337867332152811,-0.009103947643250019,0.22823605236995972,0.7099811279424402,0.32172470978441126,0.6766169154228856,0.5382728129445489,0.9516766555159112,4.7012691181256105
highest-temperature-in-cape-town-on-june-8-2026,Cape Town,2026-06-08,clean,all_market,33457,0.9993424395492722,0.8582922087632721,0.043284191467639836,-0.007856207776610119,0.14818409448741657,0.4766301335596113,0.32296296296296295,0.8192592592592592,0.480339141160425,0.8736906501039471,4.6454366382140515
highest-temperature-in-cape-town-on-june-8-2026,Cape Town,2026-06-08,clean,dynamic_active,14150,0.9995759717314487,0.7312641402714932,0.06303324185769273,-0.014887216171969538,0.2155325243272551,0.6932545372827669,0.32296296296296295,0.8192592592592592,0.5157142287315236,0.9572687292598437,4.6454366382140515
highest-temperature-in-beijing-on-june-8-2026,Beijing,2026-06-08,clean,all_market,29649,0.999257985092246,0.8127046275356938,0.06301019526385851,-0.0061433002271109455,0.1537046901493679,0.47585478825823085,0.32941867293012334,0.6928948913681738,0.44013277110308346,0.7757666367006395,5.817204301075269
highest-temperature-in-beijing-on-june-8-2026,Beijing,2026-06-08,clean,dynamic_active,15689,0.9996175664478297,0.7261365810112861,0.08208624274810537,-0.009139689862873253,0.19569203299101934,0.6058435226164579,0.32941867293012334,0.6928948913681738,0.4753272349384337,0.859813245670741,5.817204301075269
highest-temperature-in-qingdao-on-june-9-2026,Qingdao,2026-06-09,clean,all_market,38955,0.9994352457964317,0.8654611768936378,0.036624643904813244,-0.010431539869550649,0.18194620590059524,0.4600895179730243,0.32494279176201374,0.7528604118993135,0.4792494897157884,0.8758239919761578,4.557492268765814
highest-temperature-in-qingdao-on-june-9-2026,Qingdao,2026-06-09,clean,dynamic_active,16211,0.9996298809450374,0.7626041345263808,0.04898272628672727,-0.018163371261580553,0.2760625251289146,0.6980825650542609,0.32494279176201374,0.7528604118993135,0.5172868784525285,0.9624829239694899,4.557492268765814
highest-temperature-in-buenos-aires-on-june-9-2026,Buenos Aires,2026-06-09,clean,all_market,32681,0.999326825984517,0.8513426620533391,0.07206655125583099,-0.006499723544770389,0.129667288202461,0.42865329363168214,0.2922885572139303,0.7064676616915423,0.512189604048514,0.8713947356560383,4.952541231908448
highest-temperature-in-buenos-aires-on-june-9-2026,Buenos Aires,2026-06-09,clean,dynamic_active,14714,0.9995922250917494,0.7560511286374763,0.09499167644146551,-0.011196437119606101,0.19388553710882817,0.6409455709406094,0.2922885572139303,0.7064676616915423,0.5484550088305366,0.946762278224704,4.952541231908448
highest-temperature-in-karachi-on-june-9-2026,Karachi,2026-06-09,clean,all_market,39836,0.9994477357164374,0.8649721203596725,0.03680415341777987,-0.011357580436928841,0.18598383177800368,0.5789458624469159,0.1880920162381597,0.4722598105548038,0.47739686739572895,0.8900467960113717,4.269749518304431
highest-temperature-in-karachi-on-june-9-2026,Karachi,2026-06-09,clean,dynamic_active,15512,0.9996132026817948,0.7430027086289178,0.07256078347853596,-0.022358910566976562,0.25178485922881166,0.7837767459877656,0.1880920162381597,0.4722598105548038,0.5146588027364797,0.9681329218877499,4.269749518304431
highest-temperature-in-kuala-lumpur-on-june-9-2026,Kuala Lumpur,2026-06-09,clean,all_market,39429,0.9994420350503437,0.817798868221382,0.047569813553907804,-0.010721835031017845,0.1723922667857821,0.47397833246592164,0.3835616438356164,0.7201565557729941,0.44418790198035357,0.8192673083761937,4.821826280623608
highest-temperature-in-kuala-lumpur-on-june-9-2026,Kuala Lumpur,2026-06-09,clean,dynamic_active,17320,0.9996535796766743,0.6993184706018251,0.07912367518516235,-0.018199970743124634,0.24533539655447253,0.6745294572769369,0.3835616438356164,0.7201565557729941,0.4864933864954348,0.9181557388483877,4.821826280623608
highest-temperature-in-wellington-on-june-9-2026,Wellington,2026-06-09,clean,all_market,36285,0.9993936888521427,0.856079199183741,0.06416599632571038,-0.006409742199601683,0.19839215716572398,0.5660931427877095,0.32625994694960214,0.7360742705570292,0.5661083326332058,0.9188830059822954,4.503021148036254
highest-temperature-in-wellington-on-june-9-2026,Wellington,2026-06-09,clean,dynamic_active,14905,0.9995974505199597,0.7183032418283106,0.09294707680863572,-0.012199979714652783,0.2541505909620949,0.7251945280221125,0.32625994694960214,0.7360742705570292,0.5868501747070429,0.9606095344448452,4.503021148036254
highest-temperature-in-shanghai-on-june-9-2026,Shanghai,2026-06-09,clean,all_market,39610,0.9994445847008331,0.8360614327574012,0.08940791089230148,-0.005972011276763264,0.19003694736708038,0.5460996849458294,0.26349072512647553,0.7175379426644182,0.4743958709170288,0.8491793934671619,5.031059345535219
highest-temperature-in-shanghai-on-june-9-2026,Shanghai,2026-06-09,clean,dynamic_active,18142,0.9996692757138133,0.7354984561093957,0.11766696878514654,-0.009233931448252877,0.23271105490054014,0.6687301365619123,0.26349072512647553,0.7175379426644182,0.5016566556583126,0.9099653497431238,5.031059345535219
highest-temperature-in-munich-on-june-9-2026,Munich,2026-06-09,clean,all_market,42272,0.9994795609386828,0.8345562130177515,0.05376219428566073,-0.006792519834671481,0.14617878612476212,0.447257698662209,0.344644750795334,0.7295864262990456,0.48685716508981086,0.8498754429718263,4.941329179646937
highest-temperature-in-munich-on-june-9-2026,Munich,2026-06-09,clean,dynamic_active,19034,0.9996847746138489,0.7199390372083245,0.09314907082044804,-0.011976046008547458,0.20018592134313368,0.6125012859806278,0.344644750795334,0.7295864262990456,0.5169838146501894,0.9194756488938952,4.941329179646937
highest-temperature-in-ankara-on-june-10-2026,Ankara,2026-06-10,clean,all_market,42671,0.9994844273628459,0.8796923726230392,0.05645723606344257,-0.004901815918060515,0.15403861987516113,0.4333705934927279,0.3640124095139607,0.7611168562564633,0.4470854851101591,0.8526106069063699,4.665722379603399
highest-temperature-in-ankara-on-june-10-2026,Ankara,2026-06-10,clean,dynamic_active,18117,0.9996688193409505,0.7778698028822263,0.08260965241725546,-0.0089394955654102,0.22595502096838369,0.6356994214768362,0.3640124095139607,0.7611168562564633,0.4742533121998104,0.9138907932816246,4.665722379603399
highest-temperature-in-chengdu-on-june-10-2026,Chengdu,2026-06-10,clean,all_market,39402,0.9994416527079844,0.8123158963941087,0.0512536124023964,-0.009785075275413441,0.13102747036511284,0.36553241729718805,0.31456953642384106,0.640728476821192,0.36847469325916643,0.7169500756503436,5.413176996091569
highest-temperature-in-chengdu-on-june-10-2026,Chengdu,2026-06-10,clean,dynamic_active,19390,0.9996905621454358,0.7554168386297978,0.06206979004991554,-0.013134442422667014,0.19287034532503833,0.5380578847714363,0.31456953642384106,0.640728476821192,0.4266815454460628,0.8668063924404579,5.413176996091569
highest-temperature-in-wuhan-on-june-10-2026,Wuhan,2026-06-10,clean,all_market,35614,0.9994384230920424,0.8213743889419565,0.04850667428245769,-0.008690145605091954,0.14097837557459442,0.4965826611100181,0.37484885126964934,0.6650544135429263,0.4639293178004101,0.9030830470145215,4.593153759820426
highest-temperature-in-wuhan-on-june-10-2026,Wuhan,2026-06-10,clean,dynamic_active,16370,0.9996334758704948,0.7201784404791005,0.05733688846221435,-0.014921881717128294,0.208988292141767,0.7361409991398611,0.37484885126964934,0.6650544135429263,0.49016805037554395,0.9642714072369487,4.593153759820426
highest-temperature-in-singapore-on-june-10-2026,Singapore,2026-06-10,clean,all_market,38956,0.9994352602936647,0.853803873221349,0.06870778615041592,-0.006234094088389203,0.16336340914048722,0.5027123419443181,0.3537981269510926,0.700312174817898,0.47394822246078155,0.8611345537858176,4.622742663656885
highest-temperature-in-singapore-on-june-10-2026,Singapore,2026-06-10,clean,dynamic_active,16383,0.9996337667093939,0.7260181962508396,0.10565864534266982,-0.011363526495196778,0.2206284807632921,0.6789320867364506,0.3537981269510926,0.700312174817898,0.502478282241308,0.9226282734256178,4.622742663656885
highest-temperature-in-paris-on-june-10-2026,Paris,2026-06-10,clean,all_market,43031,0.9994887406753271,0.8819316887163152,0.06377384625905924,-0.0047314262409694705,0.18545416477810014,0.5348702238440247,0.34361505243676743,0.7489204194941395,0.4763485795604595,0.8775991276927936,4.980066445182724
highest-temperature-in-paris-on-june-10-2026,Paris,2026-06-10,clean,dynamic_active,19487,0.9996921024272591,0.7917971356706535,0.10031261875005545,-0.007843225141679547,0.24412308750006625,0.7040778545625527,0.34361505243676743,0.7489204194941395,0.5004909175169242,0.9295346869623546,4.980066445182724
highest-temperature-in-tokyo-on-june-10-2026,Tokyo,2026-06-10,clean,all_market,38995,0.9994358251057828,0.8229800118030431,0.06868960307151355,-0.005019371458011335,0.15621614205080409,0.4448613194171741,0.3287878787878788,0.6568181818181819,0.47685836797158576,0.8502213250393197,5.433323935720327
highest-temperature-in-tokyo-on-june-10-2026,Tokyo,2026-06-10,clean,dynamic_active,19272,0.9996886674968867,0.7420325962836084,0.10140366197372523,-0.00794041342590176,0.20601442146706295,0.5866733498193677,0.3287878787878788,0.6568181818181819,0.5072252819519113,0.9204613347542617,5.433323935720327
highest-temperature-in-seoul-on-june-10-2026,Seoul,2026-06-10,clean,all_market,39016,0.9994361287676851,0.8572344463250756,0.07616729456775116,-0.006483204068005548,0.16064570365428246,0.4748521390499663,0.31615336266499056,0.7237586423632936,0.4379153182393325,0.8336378485563009,5.551112362714728
highest-temperature-in-seoul-on-june-10-2026,Seoul,2026-06-10,clean,dynamic_active,19712,0.9996956168831169,0.7518014817821983,0.1237875741004191,-0.011188689325328178,0.18711991403002623,0.5531071756965416,0.31615336266499056,0.7237586423632936,0.4496826663775137,0.8595931656976495,5.551112362714728
