event_slug,market_label,token_id,factor,horizon_seconds,valid_rows,nonzero_rows,spearman_ic,nonzero_hit_rate,average_win_move,average_loss_move,zero_return_share,top_minus_bottom
highest-temperature-in-chicago-on-june-4-2026,47°F or below,90126329302086190846098290501947516698603202176436371691446950377026992913400,depth_imbalance_1,30,633,1,-0.06259697425726443,0.0,,0.0005,0.9984202211690363,-3.3557046979865773e-06
highest-temperature-in-chicago-on-june-4-2026,47°F or below,90126329302086190846098290501947516698603202176436371691446950377026992913400,depth_imbalance_1,120,626,11,-0.03134591375532011,0.36363636363636365,0.0005,0.0005,0.9824281150159745,-9.803921568627451e-06
highest-temperature-in-chicago-on-june-4-2026,47°F or below,90126329302086190846098290501947516698603202176436371691446950377026992913400,depth_imbalance_1,600,594,5,0.12052132982979545,0.8,0.0005,0.0005,0.9915824915824916,9.803921568627451e-06
highest-temperature-in-chicago-on-june-4-2026,48-49°F,4877609936425713822930097153010993333233601026535604151368910250100675228935,depth_imbalance_1,30,0,0,,,,,,
highest-temperature-in-chicago-on-june-4-2026,48-49°F,4877609936425713822930097153010993333233601026535604151368910250100675228935,depth_imbalance_1,120,0,0,,,,,,
highest-temperature-in-chicago-on-june-4-2026,48-49°F,4877609936425713822930097153010993333233601026535604151368910250100675228935,depth_imbalance_1,600,0,0,,,,,,
highest-temperature-in-chicago-on-june-4-2026,50-51°F,17554745367701016628065620828272696006720481989896397006850503788642798144353,depth_imbalance_1,30,0,0,,,,,,
highest-temperature-in-chicago-on-june-4-2026,50-51°F,17554745367701016628065620828272696006720481989896397006850503788642798144353,depth_imbalance_1,120,0,0,,,,,,
highest-temperature-in-chicago-on-june-4-2026,50-51°F,17554745367701016628065620828272696006720481989896397006850503788642798144353,depth_imbalance_1,600,0,0,,,,,,
highest-temperature-in-chicago-on-june-4-2026,52-53°F,12738821075901198025772292753201692095531770473287869188854006082644067178718,depth_imbalance_1,30,0,0,,,,,,
highest-temperature-in-chicago-on-june-4-2026,52-53°F,12738821075901198025772292753201692095531770473287869188854006082644067178718,depth_imbalance_1,120,0,0,,,,,,
highest-temperature-in-chicago-on-june-4-2026,52-53°F,12738821075901198025772292753201692095531770473287869188854006082644067178718,depth_imbalance_1,600,0,0,,,,,,
highest-temperature-in-chicago-on-june-4-2026,54-55°F,17730986904744483119203608344014674290790580519740887310514669372175030364425,depth_imbalance_1,30,0,0,,,,,,
highest-temperature-in-chicago-on-june-4-2026,54-55°F,17730986904744483119203608344014674290790580519740887310514669372175030364425,depth_imbalance_1,120,0,0,,,,,,
highest-temperature-in-chicago-on-june-4-2026,54-55°F,17730986904744483119203608344014674290790580519740887310514669372175030364425,depth_imbalance_1,600,0,0,,,,,,
highest-temperature-in-chicago-on-june-4-2026,56-57°F,78247903714633128829461995988104844650572528143123308247754936492821768522473,depth_imbalance_1,30,0,0,,,,,,
highest-temperature-in-chicago-on-june-4-2026,56-57°F,78247903714633128829461995988104844650572528143123308247754936492821768522473,depth_imbalance_1,120,0,0,,,,,,
highest-temperature-in-chicago-on-june-4-2026,56-57°F,78247903714633128829461995988104844650572528143123308247754936492821768522473,depth_imbalance_1,600,0,0,,,,,,
highest-temperature-in-chicago-on-june-4-2026,58-59°F,114156668586710007473879367692997387568439607159453395447031994568895883234908,depth_imbalance_1,30,0,0,,,,,,
highest-temperature-in-chicago-on-june-4-2026,58-59°F,114156668586710007473879367692997387568439607159453395447031994568895883234908,depth_imbalance_1,120,0,0,,,,,,
highest-temperature-in-chicago-on-june-4-2026,58-59°F,114156668586710007473879367692997387568439607159453395447031994568895883234908,depth_imbalance_1,600,0,0,,,,,,
highest-temperature-in-chicago-on-june-4-2026,60-61°F,23722718602475245947500368713659219961003286363625560647207172138511101007079,depth_imbalance_1,30,0,0,,,,,,
highest-temperature-in-chicago-on-june-4-2026,60-61°F,23722718602475245947500368713659219961003286363625560647207172138511101007079,depth_imbalance_1,120,0,0,,,,,,
highest-temperature-in-chicago-on-june-4-2026,60-61°F,23722718602475245947500368713659219961003286363625560647207172138511101007079,depth_imbalance_1,600,0,0,,,,,,
highest-temperature-in-chicago-on-june-4-2026,62-63°F,63044105540633836862156792410035100962681360438969365312412104565919167601367,depth_imbalance_1,30,0,0,,,,,,
highest-temperature-in-chicago-on-june-4-2026,62-63°F,63044105540633836862156792410035100962681360438969365312412104565919167601367,depth_imbalance_1,120,0,0,,,,,,
highest-temperature-in-chicago-on-june-4-2026,62-63°F,63044105540633836862156792410035100962681360438969365312412104565919167601367,depth_imbalance_1,600,0,0,,,,,,
highest-temperature-in-chicago-on-june-4-2026,64-65°F,2294956154852470500756010884118231075253045769641303858862693590486269407877,depth_imbalance_1,30,0,0,,,,,,
highest-temperature-in-chicago-on-june-4-2026,64-65°F,2294956154852470500756010884118231075253045769641303858862693590486269407877,depth_imbalance_1,120,0,0,,,,,,
highest-temperature-in-chicago-on-june-4-2026,64-65°F,2294956154852470500756010884118231075253045769641303858862693590486269407877,depth_imbalance_1,600,0,0,,,,,,
highest-temperature-in-chicago-on-june-4-2026,66°F or higher,43994362807621698561976710570785588763204079269545419753932138246368916773524,depth_imbalance_1,30,19,0,,,,,1.0,0.0
highest-temperature-in-chicago-on-june-4-2026,66°F or higher,43994362807621698561976710570785588763204079269545419753932138246368916773524,depth_imbalance_1,120,12,0,,,,,1.0,0.0
highest-temperature-in-chicago-on-june-4-2026,66°F or higher,43994362807621698561976710570785588763204079269545419753932138246368916773524,depth_imbalance_1,600,0,0,,,,,,
highest-temperature-in-denver-on-june-4-2026,55°F or below,52471060122779847657819606601047158770876649853474075692475678704417666251815,depth_imbalance_1,30,0,0,,,,,,
highest-temperature-in-denver-on-june-4-2026,55°F or below,52471060122779847657819606601047158770876649853474075692475678704417666251815,depth_imbalance_1,120,0,0,,,,,,
highest-temperature-in-denver-on-june-4-2026,55°F or below,52471060122779847657819606601047158770876649853474075692475678704417666251815,depth_imbalance_1,600,0,0,,,,,,
highest-temperature-in-denver-on-june-4-2026,56-57°F,37586914945595317398107321072041028325532456108948668295727300000828436037648,depth_imbalance_1,30,0,0,,,,,,
highest-temperature-in-denver-on-june-4-2026,56-57°F,37586914945595317398107321072041028325532456108948668295727300000828436037648,depth_imbalance_1,120,0,0,,,,,,
highest-temperature-in-denver-on-june-4-2026,56-57°F,37586914945595317398107321072041028325532456108948668295727300000828436037648,depth_imbalance_1,600,0,0,,,,,,
highest-temperature-in-denver-on-june-4-2026,58-59°F,104169018744549296252849991248764756945027197044217450322025818558935521221813,depth_imbalance_1,30,0,0,,,,,,
highest-temperature-in-denver-on-june-4-2026,58-59°F,104169018744549296252849991248764756945027197044217450322025818558935521221813,depth_imbalance_1,120,0,0,,,,,,
highest-temperature-in-denver-on-june-4-2026,58-59°F,104169018744549296252849991248764756945027197044217450322025818558935521221813,depth_imbalance_1,600,0,0,,,,,,
highest-temperature-in-denver-on-june-4-2026,60-61°F,83983425234136365092644035981572152078961669425361618058543212764372244169684,depth_imbalance_1,30,0,0,,,,,,
highest-temperature-in-denver-on-june-4-2026,60-61°F,83983425234136365092644035981572152078961669425361618058543212764372244169684,depth_imbalance_1,120,0,0,,,,,,
highest-temperature-in-denver-on-june-4-2026,60-61°F,83983425234136365092644035981572152078961669425361618058543212764372244169684,depth_imbalance_1,600,0,0,,,,,,
highest-temperature-in-denver-on-june-4-2026,62-63°F,92967436409374632255014102595489238712067336077773128823043291588930476995043,depth_imbalance_1,30,0,0,,,,,,
highest-temperature-in-denver-on-june-4-2026,62-63°F,92967436409374632255014102595489238712067336077773128823043291588930476995043,depth_imbalance_1,120,0,0,,,,,,
highest-temperature-in-denver-on-june-4-2026,62-63°F,92967436409374632255014102595489238712067336077773128823043291588930476995043,depth_imbalance_1,600,0,0,,,,,,
highest-temperature-in-denver-on-june-4-2026,64-65°F,80580316999955079104861661762276174747883922249282767397159978829548015898058,depth_imbalance_1,30,0,0,,,,,,
highest-temperature-in-denver-on-june-4-2026,64-65°F,80580316999955079104861661762276174747883922249282767397159978829548015898058,depth_imbalance_1,120,0,0,,,,,,
highest-temperature-in-denver-on-june-4-2026,64-65°F,80580316999955079104861661762276174747883922249282767397159978829548015898058,depth_imbalance_1,600,0,0,,,,,,
highest-temperature-in-denver-on-june-4-2026,66-67°F,108490177558359600172282351898229663602342658149320724485056967465216784862265,depth_imbalance_1,30,0,0,,,,,,
highest-temperature-in-denver-on-june-4-2026,66-67°F,108490177558359600172282351898229663602342658149320724485056967465216784862265,depth_imbalance_1,120,0,0,,,,,,
highest-temperature-in-denver-on-june-4-2026,66-67°F,108490177558359600172282351898229663602342658149320724485056967465216784862265,depth_imbalance_1,600,0,0,,,,,,
highest-temperature-in-denver-on-june-4-2026,68-69°F,81951112064689684457941387134844855126497490357489025762580903862354902470039,depth_imbalance_1,30,0,0,,,,,,
highest-temperature-in-denver-on-june-4-2026,68-69°F,81951112064689684457941387134844855126497490357489025762580903862354902470039,depth_imbalance_1,120,0,0,,,,,,
highest-temperature-in-denver-on-june-4-2026,68-69°F,81951112064689684457941387134844855126497490357489025762580903862354902470039,depth_imbalance_1,600,0,0,,,,,,
highest-temperature-in-denver-on-june-4-2026,70-71°F,10457726199119293482767218326685640416398450220490084907714118724956506860936,depth_imbalance_1,30,0,0,,,,,,
highest-temperature-in-denver-on-june-4-2026,70-71°F,10457726199119293482767218326685640416398450220490084907714118724956506860936,depth_imbalance_1,120,0,0,,,,,,
highest-temperature-in-denver-on-june-4-2026,70-71°F,10457726199119293482767218326685640416398450220490084907714118724956506860936,depth_imbalance_1,600,0,0,,,,,,
highest-temperature-in-denver-on-june-4-2026,72-73°F,66026373643966413408893372447538284483809822899059397871905776842143463771142,depth_imbalance_1,30,6495,30,0.0981847166545032,1.0,0.0005000000000000001,,0.9953810623556582,1.9161694529172734e-05
highest-temperature-in-denver-on-june-4-2026,72-73°F,66026373643966413408893372447538284483809822899059397871905776842143463771142,depth_imbalance_1,120,6457,95,0.1725073887656413,1.0,0.0005000000000000001,,0.9852872851169273,6.592205103656206e-05
highest-temperature-in-denver-on-june-4-2026,72-73°F,66026373643966413408893372447538284483809822899059397871905776842143463771142,depth_imbalance_1,600,6281,159,0.22168168312732206,1.0,0.0005000000000000001,,0.9746855596242636,8.493586046189695e-05
highest-temperature-in-denver-on-june-4-2026,74°F or higher,32015830028575342957885992341866035460501491395605997032389881918590585928386,depth_imbalance_1,30,74,8,0.541871121560874,1.0,0.0010000000000000009,,0.8918918918918919,0.0003809523809523813
highest-temperature-in-denver-on-june-4-2026,74°F or higher,32015830028575342957885992341866035460501491395605997032389881918590585928386,depth_imbalance_1,120,76,8,0.5353741123983146,1.0,0.0010000000000000009,,0.8947368421052632,0.00040000000000000034
highest-temperature-in-denver-on-june-4-2026,74°F or higher,32015830028575342957885992341866035460501491395605997032389881918590585928386,depth_imbalance_1,600,44,11,0.7251980859675242,1.0,0.0010000000000000009,,0.75,0.0010129870129870137
highest-temperature-in-lucknow-on-june-4-2026,39°C or below,42009688133614185387695789794210426525546817569721105680895031752746023105300,depth_imbalance_1,30,48018,21697,0.09123252070060682,0.5816011430151634,0.002542990728266895,0.0026373099801718417,0.5305510433587405,0.0005986506696279577
highest-temperature-in-lucknow-on-june-4-2026,39°C or below,42009688133614185387695789794210426525546817569721105680895031752746023105300,depth_imbalance_1,120,47986,28581,0.13029092001124726,0.6007837374479549,0.00404018403121542,0.0038855828220858905,0.3740049181011128,0.001518503358182019
highest-temperature-in-lucknow-on-june-4-2026,39°C or below,42009688133614185387695789794210426525546817569721105680895031752746023105300,depth_imbalance_1,600,48148,40548,0.08557880035730445,0.5853556278978002,0.007287992416262896,0.006476595491583903,0.1236811497881532,0.0033280800350235676
highest-temperature-in-lucknow-on-june-4-2026,40°C,50979775152070414665786220645899721020850466999824432483503660264897453494116,depth_imbalance_1,30,55934,17717,0.01735032257158462,0.5675340068860416,0.002399204375932372,0.003505024797702949,0.6734186720062931,-0.0005370539451782404
highest-temperature-in-lucknow-on-june-4-2026,40°C,50979775152070414665786220645899721020850466999824432483503660264897453494116,depth_imbalance_1,120,55933,24836,0.014552013038752597,0.5695361571911741,0.0032786143513609052,0.005324899448133942,0.542130763592155,-0.0016616047644925627
highest-temperature-in-lucknow-on-june-4-2026,40°C,50979775152070414665786220645899721020850466999824432483503660264897453494116,depth_imbalance_1,600,55907,38520,-0.1812189874830578,0.5091121495327103,0.0064565040028555405,0.00816642868475329,0.29651027599406155,-0.004871688449641375
highest-temperature-in-lucknow-on-june-4-2026,41°C,22394027680532528836110218429073651943854919776913403058361348132996048783175,depth_imbalance_1,30,32398,5073,0.15871106397462398,0.5123201261580919,0.00310638707195075,0.0033369037995149555,0.8402987838755479,0.00038967078212463454
highest-temperature-in-lucknow-on-june-4-2026,41°C,22394027680532528836110218429073651943854919776913403058361348132996048783175,depth_imbalance_1,120,32384,7047,0.20720663140600679,0.49226621257272596,0.0034828480830210434,0.005044717719396311,0.7781929347826086,0.00047560608491145715
highest-temperature-in-lucknow-on-june-4-2026,41°C,22394027680532528836110218429073651943854919776913403058361348132996048783175,depth_imbalance_1,600,32336,10596,0.18912378987346823,0.49490373725934317,0.006687356979405035,0.008732903587443944,0.6681098466105888,0.0022009214986008193
highest-temperature-in-lucknow-on-june-4-2026,42°C,27961723940611836254412250085777271604886033979190384822939494734784195369248,depth_imbalance_1,30,0,0,,,,,,
highest-temperature-in-lucknow-on-june-4-2026,42°C,27961723940611836254412250085777271604886033979190384822939494734784195369248,depth_imbalance_1,120,0,0,,,,,,
highest-temperature-in-lucknow-on-june-4-2026,42°C,27961723940611836254412250085777271604886033979190384822939494734784195369248,depth_imbalance_1,600,0,0,,,,,,
highest-temperature-in-lucknow-on-june-4-2026,43°C,93869090559776132159324020239366425795233512885969162777743029231089612934170,depth_imbalance_1,30,0,0,,,,,,
highest-temperature-in-lucknow-on-june-4-2026,43°C,93869090559776132159324020239366425795233512885969162777743029231089612934170,depth_imbalance_1,120,0,0,,,,,,
highest-temperature-in-lucknow-on-june-4-2026,43°C,93869090559776132159324020239366425795233512885969162777743029231089612934170,depth_imbalance_1,600,0,0,,,,,,
highest-temperature-in-lucknow-on-june-4-2026,44°C,96478249405510232239630815198335618821015966998870906427775953709992707900440,depth_imbalance_1,30,0,0,,,,,,
highest-temperature-in-lucknow-on-june-4-2026,44°C,96478249405510232239630815198335618821015966998870906427775953709992707900440,depth_imbalance_1,120,0,0,,,,,,
highest-temperature-in-lucknow-on-june-4-2026,44°C,96478249405510232239630815198335618821015966998870906427775953709992707900440,depth_imbalance_1,600,0,0,,,,,,
highest-temperature-in-lucknow-on-june-4-2026,45°C,104213888987781119629066705348360723500526448976459641841095092699020053833158,depth_imbalance_1,30,0,0,,,,,,
highest-temperature-in-lucknow-on-june-4-2026,45°C,104213888987781119629066705348360723500526448976459641841095092699020053833158,depth_imbalance_1,120,0,0,,,,,,
highest-temperature-in-lucknow-on-june-4-2026,45°C,104213888987781119629066705348360723500526448976459641841095092699020053833158,depth_imbalance_1,600,0,0,,,,,,
highest-temperature-in-lucknow-on-june-4-2026,46°C,90766225207290685078397313631412612775503882825345609986695635426448037845234,depth_imbalance_1,30,0,0,,,,,,
highest-temperature-in-lucknow-on-june-4-2026,46°C,90766225207290685078397313631412612775503882825345609986695635426448037845234,depth_imbalance_1,120,0,0,,,,,,
highest-temperature-in-lucknow-on-june-4-2026,46°C,90766225207290685078397313631412612775503882825345609986695635426448037845234,depth_imbalance_1,600,0,0,,,,,,
highest-temperature-in-lucknow-on-june-4-2026,47°C,10873691059370165894122655440775354293450330292599625388593816466670695257282,depth_imbalance_1,30,0,0,,,,,,
highest-temperature-in-lucknow-on-june-4-2026,47°C,10873691059370165894122655440775354293450330292599625388593816466670695257282,depth_imbalance_1,120,0,0,,,,,,
highest-temperature-in-lucknow-on-june-4-2026,47°C,10873691059370165894122655440775354293450330292599625388593816466670695257282,depth_imbalance_1,600,0,0,,,,,,
highest-temperature-in-lucknow-on-june-4-2026,48°C,4453459991797680982401714414006360788816365982699643304663513382811323611565,depth_imbalance_1,30,0,0,,,,,,
highest-temperature-in-lucknow-on-june-4-2026,48°C,4453459991797680982401714414006360788816365982699643304663513382811323611565,depth_imbalance_1,120,0,0,,,,,,
highest-temperature-in-lucknow-on-june-4-2026,48°C,4453459991797680982401714414006360788816365982699643304663513382811323611565,depth_imbalance_1,600,0,0,,,,,,
highest-temperature-in-lucknow-on-june-4-2026,49°C or higher,1936297804499229226745699644871412770078423556225852345417900409504171418495,depth_imbalance_1,30,0,0,,,,,,
highest-temperature-in-lucknow-on-june-4-2026,49°C or higher,1936297804499229226745699644871412770078423556225852345417900409504171418495,depth_imbalance_1,120,0,0,,,,,,
highest-temperature-in-lucknow-on-june-4-2026,49°C or higher,1936297804499229226745699644871412770078423556225852345417900409504171418495,depth_imbalance_1,600,0,0,,,,,,
highest-temperature-in-ankara-on-june-4-2026,20°C or below,14665446978056154831035605986147790272858427238402804607834717976559718498109,depth_imbalance_1,30,0,0,,,,,,
highest-temperature-in-ankara-on-june-4-2026,20°C or below,14665446978056154831035605986147790272858427238402804607834717976559718498109,depth_imbalance_1,120,0,0,,,,,,
highest-temperature-in-ankara-on-june-4-2026,20°C or below,14665446978056154831035605986147790272858427238402804607834717976559718498109,depth_imbalance_1,600,0,0,,,,,,
highest-temperature-in-ankara-on-june-4-2026,21°C,108501385958155320180125197155224343970558656581426583001149179436110410261690,depth_imbalance_1,30,0,0,,,,,,
highest-temperature-in-ankara-on-june-4-2026,21°C,108501385958155320180125197155224343970558656581426583001149179436110410261690,depth_imbalance_1,120,0,0,,,,,,
highest-temperature-in-ankara-on-june-4-2026,21°C,108501385958155320180125197155224343970558656581426583001149179436110410261690,depth_imbalance_1,600,0,0,,,,,,
highest-temperature-in-ankara-on-june-4-2026,22°C,70675637922990847097429811592705890755680730867279002221355594791920144596771,depth_imbalance_1,30,3629,36,-0.11881839572275937,1.0,0.0015000000000000002,,0.9900799118214384,-0.00010204982736269237
highest-temperature-in-ankara-on-june-4-2026,22°C,70675637922990847097429811592705890755680730867279002221355594791920144596771,depth_imbalance_1,120,3622,95,-0.22346878307396334,1.0,0.0014999999999999998,,0.973771397018222,-0.0002986393139222689
highest-temperature-in-ankara-on-june-4-2026,22°C,70675637922990847097429811592705890755680730867279002221355594791920144596771,depth_imbalance_1,600,3540,205,-0.3706769339528569,1.0,0.0015,,0.942090395480226,-0.0008091906852452758
highest-temperature-in-ankara-on-june-4-2026,23°C,107456730293599419972506174218083441803507424264530882120946046386073264561844,depth_imbalance_1,30,3446,67,0.21499583421113255,0.9253731343283582,0.00235483870967742,0.0005000000000000004,0.9805571677307022,0.00012816276202219483
highest-temperature-in-ankara-on-june-4-2026,23°C,107456730293599419972506174218083441803507424264530882120946046386073264561844,depth_imbalance_1,120,3434,166,0.3097917265678965,0.8795180722891566,0.0014589041095890414,0.0005000000000000004,0.9516598718695399,0.0005645134575569358
highest-temperature-in-ankara-on-june-4-2026,23°C,107456730293599419972506174218083441803507424264530882120946046386073264561844,depth_imbalance_1,600,3327,441,0.3185662708571143,0.6961451247165533,0.0016254071661237787,0.0005000000000000004,0.8674481514878268,0.0016935037627268702
highest-temperature-in-ankara-on-june-4-2026,24°C,169681829566072841999365229091426885345649518755593669971106567657218746205,depth_imbalance_1,30,8363,179,-0.014629387021177121,0.659217877094972,0.0008940677966101696,0.0024836065573770496,0.9785961975367691,-6.399683711122828e-05
highest-temperature-in-ankara-on-june-4-2026,24°C,169681829566072841999365229091426885345649518755593669971106567657218746205,depth_imbalance_1,120,8337,547,-0.09462278832191685,0.7586837294332724,0.0008819277108433737,0.002026515151515152,0.934388868897685,-9.648675953116844e-05
highest-temperature-in-ankara-on-june-4-2026,24°C,169681829566072841999365229091426885345649518755593669971106567657218746205,depth_imbalance_1,600,8196,1307,-0.12388614684508632,0.6717674062739097,0.0014128701594533029,0.0009743589743589742,0.8405319668130795,-0.00013868337002697752
highest-temperature-in-ankara-on-june-4-2026,25°C,16057123744177000303744388420226896729845443482691220366754083028483838310883,depth_imbalance_1,30,13196,2844,0.053205763895592735,0.5080872011251758,0.003834602076124567,0.00501215153681201,0.7800848742043043,0.00029886393882830564
highest-temperature-in-ankara-on-june-4-2026,25°C,16057123744177000303744388420226896729845443482691220366754083028483838310883,depth_imbalance_1,120,13126,5033,0.0076703234083882,0.4480429167494536,0.005273835920177384,0.005987401007919369,0.6101630351973183,0.00034380204437796055
highest-temperature-in-ankara-on-june-4-2026,25°C,16057123744177000303744388420226896729845443482691220366754083028483838310883,depth_imbalance_1,600,12854,7516,0.09074409538919737,0.523682810005322,0.008282647357723579,0.01063142458100559,0.4046211296094601,0.004132118259951713
highest-temperature-in-ankara-on-june-4-2026,26°C,86780675127519916152834994893925898752842640652708377086829577812186639972389,depth_imbalance_1,30,23736,6041,0.1489376363056184,0.6025492468134415,0.010756456043956046,0.009909829237817577,0.7443545669025952,0.0014611484586310574
highest-temperature-in-ankara-on-june-4-2026,26°C,86780675127519916152834994893925898752842640652708377086829577812186639972389,depth_imbalance_1,120,23253,8446,0.1359638552303828,0.5781434998816007,0.025193016588163017,0.02028838057816447,0.6367780501440674,0.0047031901775525095
highest-temperature-in-ankara-on-june-4-2026,26°C,86780675127519916152834994893925898752842640652708377086829577812186639972389,depth_imbalance_1,600,21473,12577,0.17747240168058104,0.5616601733322732,0.029443020951302388,0.04126247052421549,0.41270432636334003,-0.000599555689916112
highest-temperature-in-ankara-on-june-4-2026,27°C,41154774664333075778755243830937124246302367886840239186563272170165110001315,depth_imbalance_1,30,43300,19467,0.13406221898627285,0.5811373092926491,0.0177163440289932,0.018286730439048323,0.5469284064665128,0.002481011119004512
highest-temperature-in-ankara-on-june-4-2026,27°C,41154774664333075778755243830937124246302367886840239186563272170165110001315,depth_imbalance_1,120,43221,25176,0.013182060883965566,0.519343819510645,0.02548107074569789,0.03013428642260969,0.4133870109437542,-0.00439636362824835
highest-temperature-in-ankara-on-june-4-2026,27°C,41154774664333075778755243830937124246302367886840239186563272170165110001315,depth_imbalance_1,600,40868,32037,-0.08037132927813494,0.5066017417361176,0.041030191004313,0.04877048143227683,0.2116570421845943,-0.016647301373399856
highest-temperature-in-ankara-on-june-4-2026,28°C,59588768467737098749504629120315445599577671685427563474515633361917795999021,depth_imbalance_1,30,37874,24610,0.13859567885684185,0.5626168224299065,0.016241513794597717,0.015934596804162024,0.34464276284522366,0.006942037252350531
highest-temperature-in-ankara-on-june-4-2026,28°C,59588768467737098749504629120315445599577671685427563474515633361917795999021,depth_imbalance_1,120,37736,29349,0.12533692195061621,0.5493202494122458,0.02343629822602655,0.02542488848567324,0.2167691329234683,0.009721478113389841
highest-temperature-in-ankara-on-june-4-2026,28°C,59588768467737098749504629120315445599577671685427563474515633361917795999021,depth_imbalance_1,600,34631,30188,0.04076869129412561,0.5287531469458063,0.05535647162009773,0.06212111626599184,0.12179838872686322,0.013802687971467805
highest-temperature-in-ankara-on-june-4-2026,29°C,27440717019932418852794038597081448833457123967785378639654629562202826558795,depth_imbalance_1,30,29422,10883,0.1308188179796103,0.5933106680143343,0.005947653709152857,0.0050290329868956166,0.6298008293113996,0.0012850680698152004
highest-temperature-in-ankara-on-june-4-2026,29°C,27440717019932418852794038597081448833457123967785378639654629562202826558795,depth_imbalance_1,120,29377,16637,0.21359540838794222,0.6087034922161447,0.009309963464007111,0.006504070660522273,0.4332981584232563,0.0038542625769147866
highest-temperature-in-ankara-on-june-4-2026,29°C,27440717019932418852794038597081448833457123967785378639654629562202826558795,depth_imbalance_1,600,27903,21921,0.18330881607681276,0.7006067241457963,0.015144843078525852,0.018287901874142923,0.21399132709744473,-0.0022091732360527217
highest-temperature-in-ankara-on-june-4-2026,30°C or higher,56143248465395865376214348992663852241986645832785795597086098514009164773003,depth_imbalance_1,30,12197,2652,0.07950849130295676,0.48981900452488686,0.0061528098537336415,0.0028832224685883217,0.7798639009592523,0.0008692301165050195
highest-temperature-in-ankara-on-june-4-2026,30°C or higher,56143248465395865376214348992663852241986645832785795597086098514009164773003,depth_imbalance_1,120,12078,5159,0.25451613983124594,0.6454739290560186,0.006876576576576577,0.004709130672498635,0.5701275045537341,0.00219652396859646
highest-temperature-in-ankara-on-june-4-2026,30°C or higher,56143248465395865376214348992663852241986645832785795597086098514009164773003,depth_imbalance_1,600,10631,6865,0.5378661694559083,0.7557174071376548,0.011650057825751734,0.008874478234943356,0.35114288401843663,0.014750423433744414
highest-temperature-in-mexico-city-on-june-4-2026,16°C or below,107285649793387284523499473547837006162325969952591208253772643336499039111224,depth_imbalance_1,30,0,0,,,,,,
highest-temperature-in-mexico-city-on-june-4-2026,16°C or below,107285649793387284523499473547837006162325969952591208253772643336499039111224,depth_imbalance_1,120,0,0,,,,,,
highest-temperature-in-mexico-city-on-june-4-2026,16°C or below,107285649793387284523499473547837006162325969952591208253772643336499039111224,depth_imbalance_1,600,0,0,,,,,,
highest-temperature-in-mexico-city-on-june-4-2026,17°C,60506137855568947178848630313406139096566698026887953866881062522186198711918,depth_imbalance_1,30,0,0,,,,,,
highest-temperature-in-mexico-city-on-june-4-2026,17°C,60506137855568947178848630313406139096566698026887953866881062522186198711918,depth_imbalance_1,120,0,0,,,,,,
highest-temperature-in-mexico-city-on-june-4-2026,17°C,60506137855568947178848630313406139096566698026887953866881062522186198711918,depth_imbalance_1,600,0,0,,,,,,
highest-temperature-in-mexico-city-on-june-4-2026,18°C,58958294460524678691615677875136580999448069767465621014273604614699058221048,depth_imbalance_1,30,0,0,,,,,,
highest-temperature-in-mexico-city-on-june-4-2026,18°C,58958294460524678691615677875136580999448069767465621014273604614699058221048,depth_imbalance_1,120,0,0,,,,,,
highest-temperature-in-mexico-city-on-june-4-2026,18°C,58958294460524678691615677875136580999448069767465621014273604614699058221048,depth_imbalance_1,600,0,0,,,,,,
highest-temperature-in-mexico-city-on-june-4-2026,19°C,49882148489963668911952118675048461762532433391465483528963737990223399486121,depth_imbalance_1,30,12918,599,0.19801625793278668,0.7662771285475793,0.0005337690631808281,0.0005107142857142858,0.9536305929710481,7.44147967877755e-05
highest-temperature-in-mexico-city-on-june-4-2026,19°C,49882148489963668911952118675048461762532433391465483528963737990223399486121,depth_imbalance_1,120,12875,719,0.15511405575845522,0.7677329624478443,0.0006413043478260871,0.0005838323353293414,0.9441553398058252,5.7890074962700973e-05
highest-temperature-in-mexico-city-on-june-4-2026,19°C,49882148489963668911952118675048461762532433391465483528963737990223399486121,depth_imbalance_1,600,12442,1374,0.12400538181995362,0.4512372634643377,0.0006258064516129035,0.0008342175066313,0.8895675936344639,8.809074641410764e-05
highest-temperature-in-mexico-city-on-june-4-2026,20°C,13399459855375648766833006143554879420949333108202314554949788312867045007309,depth_imbalance_1,30,12539,1243,0.3200886108889318,0.666130329847144,0.0006171497584541064,0.0007048192771084339,0.9008692878219954,0.00019021826485352702
highest-temperature-in-mexico-city-on-june-4-2026,20°C,13399459855375648766833006143554879420949333108202314554949788312867045007309,depth_imbalance_1,120,12512,1532,0.24626745352941565,0.5391644908616188,0.0007457627118644069,0.000754957507082153,0.8775575447570333,0.0001532424241165083
highest-temperature-in-mexico-city-on-june-4-2026,20°C,13399459855375648766833006143554879420949333108202314554949788312867045007309,depth_imbalance_1,600,12114,2681,0.2598790819931631,0.3998508019395748,0.0006436567164179106,0.0006569297700435055,0.7786858180617467,0.00031524120327734484
highest-temperature-in-mexico-city-on-june-4-2026,21°C,43796882528687750712300637742143814595078867765792733079121962512686301760511,depth_imbalance_1,30,14376,308,0.018911973487417404,0.5227272727272727,0.0005527950310559004,0.0005646258503401358,0.9785754034501948,4.105674909841246e-06
highest-temperature-in-mexico-city-on-june-4-2026,21°C,43796882528687750712300637742143814595078867765792733079121962512686301760511,depth_imbalance_1,120,14366,582,-0.054636787392435625,0.4518900343642612,0.0005988593155893533,0.0005893416927899685,0.9594876792426563,-1.022163488612029e-05
highest-temperature-in-mexico-city-on-june-4-2026,21°C,43796882528687750712300637742143814595078867765792733079121962512686301760511,depth_imbalance_1,600,14272,1982,-0.22370728990536354,0.3229061553985873,0.0009257812499999998,0.0006408345752608048,0.8611266816143498,-4.978377220991786e-05
highest-temperature-in-mexico-city-on-june-4-2026,22°C,72517544495004390532845638588014723734230104512142940756709531173011825935198,depth_imbalance_1,30,29224,5788,-0.011465686702512794,0.5015549412577747,0.00146916982431967,0.001654072790294628,0.80194360799343,-8.98414839336813e-05
highest-temperature-in-mexico-city-on-june-4-2026,22°C,72517544495004390532845638588014723734230104512142940756709531173011825935198,depth_imbalance_1,120,29191,8497,-0.018086244588835617,0.45004119100859125,0.0017162656903765702,0.0023923603680719033,0.7089171319927375,5.2117428982342544e-05
highest-temperature-in-mexico-city-on-june-4-2026,22°C,72517544495004390532845638588014723734230104512142940756709531173011825935198,depth_imbalance_1,600,29132,15650,0.09336730806714971,0.4111182108626198,0.002688451973888717,0.00390988498263889,0.46279005904160375,0.001324284641182281
highest-temperature-in-mexico-city-on-june-4-2026,23°C,63184306163590514576725408727165880343298373248467089227067333338745915243817,depth_imbalance_1,30,36814,10660,0.09066052873626723,0.5419324577861163,0.008801280941665228,0.007936719229981574,0.7091052317053295,0.0012780406510203232
highest-temperature-in-mexico-city-on-june-4-2026,23°C,63184306163590514576725408727165880343298373248467089227067333338745915243817,depth_imbalance_1,120,36775,14044,0.10234715705276802,0.5393050412987753,0.010998811724320047,0.008048686244204023,0.6166961250849762,0.003061504166749155
highest-temperature-in-mexico-city-on-june-4-2026,23°C,63184306163590514576725408727165880343298373248467089227067333338745915243817,depth_imbalance_1,600,36635,21293,0.169815477779428,0.6027802564222984,0.012527853525516172,0.01164932608181604,0.41684181793367,0.007762540459215011
highest-temperature-in-mexico-city-on-june-4-2026,24°C,85968175321507286809834572661712798856923433745501819000688640115342936928841,depth_imbalance_1,30,23846,3958,0.12446064799613993,0.6531076301162203,0.009382978723404248,0.007851420247632912,0.8330956973915961,0.0006072634381438587
highest-temperature-in-mexico-city-on-june-4-2026,24°C,85968175321507286809834572661712798856923433745501819000688640115342936928841,depth_imbalance_1,120,23829,5946,0.1266158804153248,0.6084762865792129,0.011124930901050295,0.00940936426116837,0.7490872466322548,0.000274475767260636
highest-temperature-in-mexico-city-on-june-4-2026,24°C,85968175321507286809834572661712798856923433745501819000688640115342936928841,depth_imbalance_1,600,23696,9629,0.1940201355990285,0.5993353411569218,0.015933980246057862,0.011270088128564011,0.5922518568534774,0.0019195543548345306
highest-temperature-in-mexico-city-on-june-4-2026,25°C,36862714463027093595971540372710044159930431935882170047098819889238567395789,depth_imbalance_1,30,49474,25244,0.15553491747717324,0.5842180320076058,0.011026240846216433,0.009649866615853656,0.48722561345353116,0.0043184730358727125
highest-temperature-in-mexico-city-on-june-4-2026,25°C,36862714463027093595971540372710044159930431935882170047098819889238567395789,depth_imbalance_1,120,49443,29778,0.21033111990225986,0.5998723890120223,0.012168448748810387,0.00991859001258917,0.3944339947009688,0.006948207047124653
highest-temperature-in-mexico-city-on-june-4-2026,25°C,36862714463027093595971540372710044159930431935882170047098819889238567395789,depth_imbalance_1,600,49215,36899,0.380070964809172,0.660532805767094,0.015436753784925938,0.012820533290755227,0.2439906532561211,0.016741695963121573
highest-temperature-in-mexico-city-on-june-4-2026,26°C or higher,41779216233254563320036735666645446571976903149688957883989772088917474371457,depth_imbalance_1,30,22972,2148,0.09607166000399285,0.660148975791434,0.0060966149506346875,0.005595890410958901,0.906407800800975,0.00039067364769975106
highest-temperature-in-mexico-city-on-june-4-2026,26°C or higher,41779216233254563320036735666645446571976903149688957883989772088917474371457,depth_imbalance_1,120,22949,4381,0.0775941775892938,0.5882218671536179,0.006930539386883963,0.0063830376940132985,0.8090112858948102,0.00024486186121387314
highest-temperature-in-mexico-city-on-june-4-2026,26°C or higher,41779216233254563320036735666645446571976903149688957883989772088917474371457,depth_imbalance_1,600,22729,7308,0.07531084243148899,0.6053639846743295,0.011023960216998181,0.010724687933425797,0.6783844427823486,-0.0014102644227192308
highest-temperature-in-sao-paulo-on-june-4-2026,16°C or below,5088546905865485529705752050242095755692334345529725412285670112408189343918,depth_imbalance_1,30,4303,0,,,,,1.0,
highest-temperature-in-sao-paulo-on-june-4-2026,16°C or below,5088546905865485529705752050242095755692334345529725412285670112408189343918,depth_imbalance_1,120,4299,0,,,,,1.0,
highest-temperature-in-sao-paulo-on-june-4-2026,16°C or below,5088546905865485529705752050242095755692334345529725412285670112408189343918,depth_imbalance_1,600,4240,0,,,,,1.0,
highest-temperature-in-sao-paulo-on-june-4-2026,17°C,75878200181680575305792097506207236355328802346244146169070839582062892594652,depth_imbalance_1,30,11374,0,,,,,1.0,0.0
highest-temperature-in-sao-paulo-on-june-4-2026,17°C,75878200181680575305792097506207236355328802346244146169070839582062892594652,depth_imbalance_1,120,11365,0,,,,,1.0,0.0
highest-temperature-in-sao-paulo-on-june-4-2026,17°C,75878200181680575305792097506207236355328802346244146169070839582062892594652,depth_imbalance_1,600,11311,0,,,,,1.0,0.0
highest-temperature-in-sao-paulo-on-june-4-2026,18°C,32652015212895478325151120478108767998509569181691282580692268879571323730499,depth_imbalance_1,30,13267,121,0.026091808578327668,0.7520661157024794,0.0015659340659340648,0.0009500000000000001,0.9908796261400468,-3.913027571004715e-06
highest-temperature-in-sao-paulo-on-june-4-2026,18°C,32652015212895478325151120478108767998509569181691282580692268879571323730499,depth_imbalance_1,120,13261,391,0.048792342661177844,0.7647058823529411,0.0015769230769230758,0.0011413043478260873,0.9705150441143202,-1.748899933157493e-05
highest-temperature-in-sao-paulo-on-june-4-2026,18°C,32652015212895478325151120478108767998509569181691282580692268879571323730499,depth_imbalance_1,600,13176,1378,0.06577973933620293,0.6538461538461539,0.00137069922308546,0.0012861635220125793,0.8954159077109897,-9.81717643912119e-05
highest-temperature-in-sao-paulo-on-june-4-2026,19°C,42700610736974417564404709223688708173372396209608254561482780222404223743477,depth_imbalance_1,30,25239,1412,0.15292616561377864,0.5736543909348442,0.007581481481481477,0.0050456810631229225,0.9435793811165261,0.0009641365740899986
highest-temperature-in-sao-paulo-on-june-4-2026,19°C,42700610736974417564404709223688708173372396209608254561482780222404223743477,depth_imbalance_1,120,25194,2394,0.13292467789731446,0.4640768588137009,0.009527002700270022,0.00512314886983632,0.9045010716837342,0.0014876815305931196
highest-temperature-in-sao-paulo-on-june-4-2026,19°C,42700610736974417564404709223688708173372396209608254561482780222404223743477,depth_imbalance_1,600,24734,6195,0.24512307020140378,0.43002421307506056,0.010670795795795792,0.005774851316907391,0.7490498908385219,0.0038126129794126508
highest-temperature-in-sao-paulo-on-june-4-2026,20°C,18595878605743127502939086557662468311723722416594871197698385319965429805375,depth_imbalance_1,30,29954,5478,0.1255098378492348,0.5697334793720336,0.009224607497596921,0.00858294442087399,0.8132135941777392,0.0015070259581371288
highest-temperature-in-sao-paulo-on-june-4-2026,20°C,18595878605743127502939086557662468311723722416594871197698385319965429805375,depth_imbalance_1,120,29871,7328,0.15827745997507423,0.5955240174672489,0.009550870760769933,0.008515519568151147,0.7488199256804259,0.002515075560314408
highest-temperature-in-sao-paulo-on-june-4-2026,20°C,18595878605743127502939086557662468311723722416594871197698385319965429805375,depth_imbalance_1,600,29235,13315,0.27203532616070236,0.655876830642133,0.009654185274247103,0.008029244871235264,0.5399350094065333,0.005890740346496198
highest-temperature-in-sao-paulo-on-june-4-2026,21°C,99353447551785849044259827001273476216843658777483534268848239310464378526853,depth_imbalance_1,30,28731,7185,0.09822795158280909,0.5532359081419624,0.006691823899371068,0.006649532710280378,0.7499216873760051,0.0013608670528901384
highest-temperature-in-sao-paulo-on-june-4-2026,21°C,99353447551785849044259827001273476216843658777483534268848239310464378526853,depth_imbalance_1,120,28702,9749,0.11285739974885982,0.5442609498410094,0.00801733886166603,0.006917623227548957,0.6602675771723225,0.0026462280356529307
highest-temperature-in-sao-paulo-on-june-4-2026,21°C,99353447551785849044259827001273476216843658777483534268848239310464378526853,depth_imbalance_1,600,28336,13710,0.15680055981570498,0.5427425237053246,0.010041661067060871,0.008534056468336259,0.5161631846414455,0.005857830799697396
highest-temperature-in-sao-paulo-on-june-4-2026,22°C,77312286174228194844989513766403953618098086445078439257284853504684740257328,depth_imbalance_1,30,40985,5601,0.15404668373047395,0.6921978218175325,0.008242197575444931,0.006148491879350347,0.8613883127973649,0.0017527520052879177
highest-temperature-in-sao-paulo-on-june-4-2026,22°C,77312286174228194844989513766403953618098086445078439257284853504684740257328,depth_imbalance_1,120,40939,9528,0.20687104000464557,0.6904911838790933,0.010721234230126159,0.006515768056968463,0.7625247319182198,0.004575462623342634
highest-temperature-in-sao-paulo-on-june-4-2026,22°C,77312286174228194844989513766403953618098086445078439257284853504684740257328,depth_imbalance_1,600,40352,15183,0.16267601543963808,0.6173351775011526,0.01626907073509015,0.008254733218588635,0.6088669706582077,0.010687618505594782
highest-temperature-in-sao-paulo-on-june-4-2026,23°C,30812352190404695760098829782516962303018137519220567700944195299942617069400,depth_imbalance_1,30,28033,13494,0.04467866940729678,0.5410552838298504,0.0047406519654841816,0.005421201356370097,0.5166767738023045,0.0003220199315203452
highest-temperature-in-sao-paulo-on-june-4-2026,23°C,30812352190404695760098829782516962303018137519220567700944195299942617069400,depth_imbalance_1,120,27948,17170,-0.000777268115068384,0.5431566686080372,0.004904192579884195,0.005585670576236616,0.3839272935451553,0.00010705248038449971
highest-temperature-in-sao-paulo-on-june-4-2026,23°C,30812352190404695760098829782516962303018137519220567700944195299942617069400,depth_imbalance_1,600,27561,19050,-0.10950171166282043,0.5338582677165354,0.0065901179941002955,0.005802815315315313,0.30702804687783464,-0.0004933744034129558
highest-temperature-in-sao-paulo-on-june-4-2026,24°C,46935966291128037887134101712061924850722486596661841424955516758026538662369,depth_imbalance_1,30,13714,413,-0.0742742314507505,0.36077481840193704,0.0007449664429530201,0.0005056818181818178,0.9698847892664431,-3.271073238050348e-05
highest-temperature-in-sao-paulo-on-june-4-2026,24°C,46935966291128037887134101712061924850722486596661841424955516758026538662369,depth_imbalance_1,120,13710,1118,-0.08589348434503832,0.4293381037567084,0.0008375000000000001,0.0005070532915360498,0.9184536834427425,-9.264733028706285e-05
highest-temperature-in-sao-paulo-on-june-4-2026,24°C,46935966291128037887134101712061924850722486596661841424955516758026538662369,depth_imbalance_1,600,13547,3158,-0.010717716950026785,0.4398353388220393,0.0009600431965442766,0.000514132278123233,0.7668856573411087,-0.00021097593826581467
highest-temperature-in-sao-paulo-on-june-4-2026,25°C,79853078679462551800714557098617083355099175435689257610481261924634329162327,depth_imbalance_1,30,4312,0,,,,,1.0,
highest-temperature-in-sao-paulo-on-june-4-2026,25°C,79853078679462551800714557098617083355099175435689257610481261924634329162327,depth_imbalance_1,120,4307,0,,,,,1.0,
highest-temperature-in-sao-paulo-on-june-4-2026,25°C,79853078679462551800714557098617083355099175435689257610481261924634329162327,depth_imbalance_1,600,4247,0,,,,,1.0,
highest-temperature-in-sao-paulo-on-june-4-2026,26°C or higher,100408010167643373042091353103527748811368826770491021395562009286577463406490,depth_imbalance_1,30,10882,27,0.006585875945084925,0.5185185185185185,0.001142857142857143,0.0006153846153846155,0.9975188384488145,6.808896958692692e-07
highest-temperature-in-sao-paulo-on-june-4-2026,26°C or higher,100408010167643373042091353103527748811368826770491021395562009286577463406490,depth_imbalance_1,120,10872,29,0.009857408157572859,0.5517241379310345,0.0005625000000000001,0.0006153846153846155,0.9973325974981604,6.808896958692692e-07
highest-temperature-in-sao-paulo-on-june-4-2026,26°C or higher,100408010167643373042091353103527748811368826770491021395562009286577463406490,depth_imbalance_1,600,10815,115,0.03906249648458762,0.9043478260869565,0.0005096153846153848,0.0006363636363636364,0.9893666204345816,6.808896958692692e-07
highest-temperature-in-panama-city-on-june-4-2026,21°C or below,44470121771307191034202441715043826656148497091577824735427529566995618108247,depth_imbalance_1,30,0,0,,,,,,
highest-temperature-in-panama-city-on-june-4-2026,21°C or below,44470121771307191034202441715043826656148497091577824735427529566995618108247,depth_imbalance_1,120,0,0,,,,,,
highest-temperature-in-panama-city-on-june-4-2026,21°C or below,44470121771307191034202441715043826656148497091577824735427529566995618108247,depth_imbalance_1,600,0,0,,,,,,
highest-temperature-in-panama-city-on-june-4-2026,22°C,81356675961999707108600233430999570761269495904378364184397391721223382761514,depth_imbalance_1,30,0,0,,,,,,
highest-temperature-in-panama-city-on-june-4-2026,22°C,81356675961999707108600233430999570761269495904378364184397391721223382761514,depth_imbalance_1,120,0,0,,,,,,
highest-temperature-in-panama-city-on-june-4-2026,22°C,81356675961999707108600233430999570761269495904378364184397391721223382761514,depth_imbalance_1,600,0,0,,,,,,
highest-temperature-in-panama-city-on-june-4-2026,23°C,8714435028240198405572416041169231863817410539263669739209536012682442743647,depth_imbalance_1,30,0,0,,,,,,
highest-temperature-in-panama-city-on-june-4-2026,23°C,8714435028240198405572416041169231863817410539263669739209536012682442743647,depth_imbalance_1,120,0,0,,,,,,
highest-temperature-in-panama-city-on-june-4-2026,23°C,8714435028240198405572416041169231863817410539263669739209536012682442743647,depth_imbalance_1,600,0,0,,,,,,
highest-temperature-in-panama-city-on-june-4-2026,24°C,47371767435469650974793198749415336720191376834368151759651343706290524013399,depth_imbalance_1,30,0,0,,,,,,
highest-temperature-in-panama-city-on-june-4-2026,24°C,47371767435469650974793198749415336720191376834368151759651343706290524013399,depth_imbalance_1,120,0,0,,,,,,
highest-temperature-in-panama-city-on-june-4-2026,24°C,47371767435469650974793198749415336720191376834368151759651343706290524013399,depth_imbalance_1,600,0,0,,,,,,
highest-temperature-in-panama-city-on-june-4-2026,25°C,92101977730074112632298628916859183692461651084604591072150587526448707274417,depth_imbalance_1,30,488,0,,,,,1.0,0.0
highest-temperature-in-panama-city-on-june-4-2026,25°C,92101977730074112632298628916859183692461651084604591072150587526448707274417,depth_imbalance_1,120,435,0,,,,,1.0,0.0
highest-temperature-in-panama-city-on-june-4-2026,25°C,92101977730074112632298628916859183692461651084604591072150587526448707274417,depth_imbalance_1,600,33,0,,,,,1.0,
highest-temperature-in-panama-city-on-june-4-2026,26°C,45270952339769641737036954036098007505953678208407904878802577369192021196180,depth_imbalance_1,30,1314,29,0.16888169332327188,0.7241379310344828,0.0005000000000000002,0.0004999999999999998,0.9779299847792998,2.2284122562674113e-05
highest-temperature-in-panama-city-on-june-4-2026,26°C,45270952339769641737036954036098007505953678208407904878802577369192021196180,depth_imbalance_1,120,1253,43,0.10733689617638896,0.9069767441860465,0.0005000000000000003,0.0005,0.965682362330407,2.539682539682542e-05
highest-temperature-in-panama-city-on-june-4-2026,26°C,45270952339769641737036954036098007505953678208407904878802577369192021196180,depth_imbalance_1,600,916,218,0.2923464171730077,0.9541284403669725,0.0005000000000000004,0.0004999999999999998,0.7620087336244541,3.292181069958851e-05
highest-temperature-in-panama-city-on-june-4-2026,27°C,86099073955392166209806787929710159421764524832487151118713408149867983628217,depth_imbalance_1,30,37308,1495,0.015468707362612986,0.32709030100334446,0.002009202453987731,0.0013041749502982105,0.9599281655409028,7.2067725966495086e-06
highest-temperature-in-panama-city-on-june-4-2026,27°C,86099073955392166209806787929710159421764524832487151118713408149867983628217,depth_imbalance_1,120,37300,2351,-0.017348001464206193,0.3611229264142918,0.0024811542991755023,0.0022400133155792276,0.936970509383378,-1.165603354385835e-05
highest-temperature-in-panama-city-on-june-4-2026,27°C,86099073955392166209806787929710159421764524832487151118713408149867983628217,depth_imbalance_1,600,36784,7587,-0.1120161008133637,0.5127191248187689,0.003197429305912598,0.0022932107113876115,0.7937418442801218,-0.00015551834566882413
highest-temperature-in-panama-city-on-june-4-2026,28°C,36256212409432476582726744575268372209075690992428059517295386016067952849499,depth_imbalance_1,30,38580,5662,0.1348540809490515,0.6137407276580713,0.0013248920863309355,0.001569272976680383,0.852954898911353,0.00012088602852821035
highest-temperature-in-panama-city-on-june-4-2026,28°C,36256212409432476582726744575268372209075690992428059517295386016067952849499,depth_imbalance_1,120,38576,9266,0.2388882321052138,0.6414849989207857,0.0015154777927321673,0.0016338049367850688,0.7594877644131066,0.00024704588829042824
highest-temperature-in-panama-city-on-june-4-2026,28°C,36256212409432476582726744575268372209075690992428059517295386016067952849499,depth_imbalance_1,600,37685,15336,0.40306522734089506,0.66047209181012,0.0020919143054595724,0.0020247743422316103,0.5927292026005042,0.0010176956534314386
highest-temperature-in-panama-city-on-june-4-2026,29°C,21356270354874266385309836514539032727839622447260958018357502726409178046535,depth_imbalance_1,30,49491,15984,0.17614018928852831,0.6435185185185185,0.00858496986194828,0.008160758160758163,0.6709704794811178,0.0034213718098304873
highest-temperature-in-panama-city-on-june-4-2026,29°C,21356270354874266385309836514539032727839622447260958018357502726409178046535,depth_imbalance_1,120,49485,21493,0.2039009801104117,0.6543060531335784,0.009438242195833038,0.010907806191117095,0.5573406082651309,0.004597945379221423
highest-temperature-in-panama-city-on-june-4-2026,29°C,21356270354874266385309836514539032727839622447260958018357502726409178046535,depth_imbalance_1,600,48797,31722,0.13821232900158026,0.5902212975222243,0.012748758211825025,0.012279406108162166,0.33194663606369246,0.008591277267587063
highest-temperature-in-panama-city-on-june-4-2026,30°C,12809398004292763245381856667297949727055653165951970301232093228949914177340,depth_imbalance_1,30,47039,21747,0.20063632422350214,0.6253736147514599,0.009846323529411755,0.009209524978519687,0.5233742213907608,0.0029686999492294234
highest-temperature-in-panama-city-on-june-4-2026,30°C,12809398004292763245381856667297949727055653165951970301232093228949914177340,depth_imbalance_1,120,47031,27031,0.19244276455358725,0.5943546298694092,0.009519170919955171,0.010551755585955298,0.4098785907167613,0.002611531111975595
highest-temperature-in-panama-city-on-june-4-2026,30°C,12809398004292763245381856667297949727055653165951970301232093228949914177340,depth_imbalance_1,600,46379,35900,0.1668571951233961,0.5805849582172702,0.011918389867101644,0.013711894799760892,0.2055240518338041,0.001805290693943475
highest-temperature-in-panama-city-on-june-4-2026,31°C or higher,89362536962865803270455864382810526682782288400821470907029318859755176910688,depth_imbalance_1,30,43236,18064,0.06196322938963921,0.5179915854738707,0.009180292828898151,0.00961640059722063,0.5795401979831621,0.0018585877539737741
highest-temperature-in-panama-city-on-june-4-2026,31°C or higher,89362536962865803270455864382810526682782288400821470907029318859755176910688,depth_imbalance_1,120,43252,22896,0.0665319131952586,0.5107879105520615,0.010562206070970503,0.01062762253370235,0.467053546656802,0.0028427727007827516
highest-temperature-in-panama-city-on-june-4-2026,31°C or higher,89362536962865803270455864382810526682782288400821470907029318859755176910688,depth_imbalance_1,600,42684,32789,0.1652354954422732,0.525664094665894,0.0193058134137851,0.014276988362373823,0.22849311217317964,0.009721979190060447
highest-temperature-in-cape-town-on-june-4-2026,11°C or below,99138007830544641951694764717326821918493905599329899186376971527321612631467,depth_imbalance_1,30,0,0,,,,,,
highest-temperature-in-cape-town-on-june-4-2026,11°C or below,99138007830544641951694764717326821918493905599329899186376971527321612631467,depth_imbalance_1,120,0,0,,,,,,
highest-temperature-in-cape-town-on-june-4-2026,11°C or below,99138007830544641951694764717326821918493905599329899186376971527321612631467,depth_imbalance_1,600,0,0,,,,,,
highest-temperature-in-cape-town-on-june-4-2026,12°C,56998472219518969790305160331037528351468852122919507282933202092608879775660,depth_imbalance_1,30,0,0,,,,,,
highest-temperature-in-cape-town-on-june-4-2026,12°C,56998472219518969790305160331037528351468852122919507282933202092608879775660,depth_imbalance_1,120,0,0,,,,,,
highest-temperature-in-cape-town-on-june-4-2026,12°C,56998472219518969790305160331037528351468852122919507282933202092608879775660,depth_imbalance_1,600,0,0,,,,,,
highest-temperature-in-cape-town-on-june-4-2026,13°C,111595827224498734155769057348399161299309106995610805709842449955639303244033,depth_imbalance_1,30,0,0,,,,,,
highest-temperature-in-cape-town-on-june-4-2026,13°C,111595827224498734155769057348399161299309106995610805709842449955639303244033,depth_imbalance_1,120,0,0,,,,,,
highest-temperature-in-cape-town-on-june-4-2026,13°C,111595827224498734155769057348399161299309106995610805709842449955639303244033,depth_imbalance_1,600,0,0,,,,,,
highest-temperature-in-cape-town-on-june-4-2026,14°C,79024970707441964372578708077170157653602502185071604720189512789066609813144,depth_imbalance_1,30,6891,20,0.08165538826676047,0.7,0.0005000000000000002,0.0005,0.9970976636192135,6.993006993006993e-06
highest-temperature-in-cape-town-on-june-4-2026,14°C,79024970707441964372578708077170157653602502185071604720189512789066609813144,depth_imbalance_1,120,6888,78,0.1522438385765011,0.5641025641025641,0.0005,0.0005,0.9886759581881533,2.7330063069376315e-05
highest-temperature-in-cape-town-on-june-4-2026,14°C,79024970707441964372578708077170157653602502185071604720189512789066609813144,depth_imbalance_1,600,6742,273,0.30080551585165705,0.5934065934065934,0.0007222222222222223,0.0005000000000000002,0.9595075645209137,0.00012155297532656024
highest-temperature-in-cape-town-on-june-4-2026,15°C,68258632450072248556715330656693219246176297525950738590787419822283054116885,depth_imbalance_1,30,9400,408,-0.13403676687230573,0.3088235294117647,0.003373015873015874,0.0037216312056737593,0.9565957446808511,-0.0002817717522856852
highest-temperature-in-cape-town-on-june-4-2026,15°C,68258632450072248556715330656693219246176297525950738590787419822283054116885,depth_imbalance_1,120,9385,704,-0.12992321277637822,0.3821022727272727,0.0035297397769516736,0.003371264367816092,0.9249866808737347,-0.0003218878810516058
highest-temperature-in-cape-town-on-june-4-2026,15°C,68258632450072248556715330656693219246176297525950738590787419822283054116885,depth_imbalance_1,600,8935,1893,0.07730306417171051,0.5044902271526677,0.0016361256544502618,0.004816631130063967,0.7881365416899833,-0.00023756476333482125
highest-temperature-in-cape-town-on-june-4-2026,16°C,31359157502286501778936974898835917966605296933984036942068586112394697465243,depth_imbalance_1,30,14984,1828,0.08988342745688323,0.5716630196936543,0.01029665071770335,0.014347381864623244,0.8747997864388681,-0.0004548832551403416
highest-temperature-in-cape-town-on-june-4-2026,16°C,31359157502286501778936974898835917966605296933984036942068586112394697465243,depth_imbalance_1,120,14977,3168,0.15829227194265377,0.6474116161616161,0.009803510482691373,0.0163822739480752,0.7800627629031182,0.0004881167305827202
highest-temperature-in-cape-town-on-june-4-2026,16°C,31359157502286501778936974898835917966605296933984036942068586112394697465243,depth_imbalance_1,600,14944,5932,0.20354418697163382,0.5276466621712744,0.0143094249201278,0.023377587437544603,0.5892665952890792,0.00478635050600806
highest-temperature-in-cape-town-on-june-4-2026,17°C,87598193768119677059654522286865726953477056455210524275370428916253644367277,depth_imbalance_1,30,38777,20235,0.09151442541860073,0.5299234000494193,0.016262846218409028,0.01471047098402019,0.46690048224462954,0.0016705953547771907
highest-temperature-in-cape-town-on-june-4-2026,17°C,87598193768119677059654522286865726953477056455210524275370428916253644367277,depth_imbalance_1,120,37960,22412,0.06197069256384578,0.5174460110655006,0.01572372165215142,0.01560910772075821,0.398577449947313,0.0016320486839340453
highest-temperature-in-cape-town-on-june-4-2026,17°C,87598193768119677059654522286865726953477056455210524275370428916253644367277,depth_imbalance_1,600,37079,27755,0.051570571988964635,0.5267519365880021,0.02475359097127223,0.02968210886943283,0.2395425982361984,-0.0037705152181916517
highest-temperature-in-cape-town-on-june-4-2026,18°C,88218210536491151078593282112860839196508565417896487324474080071881599439343,depth_imbalance_1,30,54882,29307,0.13409303989611993,0.5755621523868018,0.015096336258003327,0.014695715089637434,0.4487263583688641,0.005369382983269196
highest-temperature-in-cape-town-on-june-4-2026,18°C,88218210536491151078593282112860839196508565417896487324474080071881599439343,depth_imbalance_1,120,53695,34804,0.18999491257198622,0.5596770486151017,0.01718979413727605,0.019979119086460037,0.3317068628363907,0.0048164654755657775
highest-temperature-in-cape-town-on-june-4-2026,18°C,88218210536491151078593282112860839196508565417896487324474080071881599439343,depth_imbalance_1,600,50563,41049,0.0663706449822709,0.5159930814392555,0.0286048817336292,0.03743909804711094,0.17144947886794693,-0.003817801862132363
highest-temperature-in-cape-town-on-june-4-2026,19°C,77288155747869994331000493196165733720763587822958289606277142016610839827435,depth_imbalance_1,30,68740,41773,0.12604546620897725,0.4946017762669667,0.007948574609167031,0.007262481053429328,0.3285859761419843,0.002268507303842781
highest-temperature-in-cape-town-on-june-4-2026,19°C,77288155747869994331000493196165733720763587822958289606277142016610839827435,depth_imbalance_1,120,68619,48802,0.05478719956667839,0.45942789229949593,0.011068418000981222,0.01142176187407604,0.203179877293461,0.0019525161633869672
highest-temperature-in-cape-town-on-june-4-2026,19°C,77288155747869994331000493196165733720763587822958289606277142016610839827435,depth_imbalance_1,600,62997,48332,0.08567081972240023,0.46246793014979726,0.01671253131710809,0.018499403387220937,0.10565582488054986,0.003718491175873637
highest-temperature-in-cape-town-on-june-4-2026,20°C,53666711282124023295076463660324970152400965764067557637730280257716456318880,depth_imbalance_1,30,18278,1269,0.1163913023313631,0.7383766745468873,0.0023175026680896486,0.00173644578313253,0.9305722726775358,0.00020548057285859548
highest-temperature-in-cape-town-on-june-4-2026,20°C,53666711282124023295076463660324970152400965764067557637730280257716456318880,depth_imbalance_1,120,18250,2180,0.22802268936834175,0.7032110091743119,0.002621656881930855,0.0015950540958268933,0.8805479452054794,0.0005874062648932405
highest-temperature-in-cape-town-on-june-4-2026,20°C,53666711282124023295076463660324970152400965764067557637730280257716456318880,depth_imbalance_1,600,16335,4649,0.3445203253084682,0.6405678640567865,0.0017869375419744802,0.0015074805505685223,0.7153963881236608,0.0008735316201452896
highest-temperature-in-cape-town-on-june-4-2026,21°C or higher,85570847012288676768987382181997897396311702035539468765993087460854668755305,depth_imbalance_1,30,22200,792,0.059857741656792834,0.7790404040404041,0.0008865478119935172,0.000851428571428572,0.9643243243243244,3.584992428258851e-05
highest-temperature-in-cape-town-on-june-4-2026,21°C or higher,85570847012288676768987382181997897396311702035539468765993087460854668755305,depth_imbalance_1,120,22138,2073,0.19269506911131448,0.8707187650747709,0.0011473684210526322,0.0008208955223880602,0.9063601047971813,0.00024054315895845083
highest-temperature-in-cape-town-on-june-4-2026,21°C or higher,85570847012288676768987382181997897396311702035539468765993087460854668755305,depth_imbalance_1,600,19980,5204,0.4450968641390921,0.9021906225980015,0.0010076677316293932,0.0006689587426326133,0.7395395395395395,0.00047907704858977354
highest-temperature-in-hong-kong-on-june-4-2026,24°C or below,86487539506056797648316307046505507978207784750078231239914353070670648084311,depth_imbalance_1,30,0,0,,,,,,
highest-temperature-in-hong-kong-on-june-4-2026,24°C or below,86487539506056797648316307046505507978207784750078231239914353070670648084311,depth_imbalance_1,120,0,0,,,,,,
highest-temperature-in-hong-kong-on-june-4-2026,24°C or below,86487539506056797648316307046505507978207784750078231239914353070670648084311,depth_imbalance_1,600,0,0,,,,,,
highest-temperature-in-hong-kong-on-june-4-2026,25°C,70789812219424914719684147037078906124666331278901153269517487379603997282648,depth_imbalance_1,30,0,0,,,,,,
highest-temperature-in-hong-kong-on-june-4-2026,25°C,70789812219424914719684147037078906124666331278901153269517487379603997282648,depth_imbalance_1,120,0,0,,,,,,
highest-temperature-in-hong-kong-on-june-4-2026,25°C,70789812219424914719684147037078906124666331278901153269517487379603997282648,depth_imbalance_1,600,0,0,,,,,,
highest-temperature-in-hong-kong-on-june-4-2026,26°C,51113044252510268660146967245535238431834292932574669426886284827949884024669,depth_imbalance_1,30,0,0,,,,,,
highest-temperature-in-hong-kong-on-june-4-2026,26°C,51113044252510268660146967245535238431834292932574669426886284827949884024669,depth_imbalance_1,120,0,0,,,,,,
highest-temperature-in-hong-kong-on-june-4-2026,26°C,51113044252510268660146967245535238431834292932574669426886284827949884024669,depth_imbalance_1,600,0,0,,,,,,
highest-temperature-in-hong-kong-on-june-4-2026,27°C,77129373408590996827873072816176200053826953236344988230559275662757978128579,depth_imbalance_1,30,0,0,,,,,,
highest-temperature-in-hong-kong-on-june-4-2026,27°C,77129373408590996827873072816176200053826953236344988230559275662757978128579,depth_imbalance_1,120,0,0,,,,,,
highest-temperature-in-hong-kong-on-june-4-2026,27°C,77129373408590996827873072816176200053826953236344988230559275662757978128579,depth_imbalance_1,600,0,0,,,,,,
highest-temperature-in-hong-kong-on-june-4-2026,28°C,59347949681518311778934113789489126097096181191449072339553080192082153577195,depth_imbalance_1,30,0,0,,,,,,
highest-temperature-in-hong-kong-on-june-4-2026,28°C,59347949681518311778934113789489126097096181191449072339553080192082153577195,depth_imbalance_1,120,0,0,,,,,,
highest-temperature-in-hong-kong-on-june-4-2026,28°C,59347949681518311778934113789489126097096181191449072339553080192082153577195,depth_imbalance_1,600,0,0,,,,,,
highest-temperature-in-hong-kong-on-june-4-2026,29°C,43638505525527858147957958394444951786713683989046585970876976503043537029108,depth_imbalance_1,30,0,0,,,,,,
highest-temperature-in-hong-kong-on-june-4-2026,29°C,43638505525527858147957958394444951786713683989046585970876976503043537029108,depth_imbalance_1,120,0,0,,,,,,
highest-temperature-in-hong-kong-on-june-4-2026,29°C,43638505525527858147957958394444951786713683989046585970876976503043537029108,depth_imbalance_1,600,0,0,,,,,,
highest-temperature-in-hong-kong-on-june-4-2026,30°C,7846525851606041571579481719726569841969254479401036287710603913649827168185,depth_imbalance_1,30,2648,206,-0.23315164848553593,0.22815533980582525,0.0013510638297872344,0.0010534591194968554,0.9222054380664653,-0.00021095834343924327
highest-temperature-in-hong-kong-on-june-4-2026,30°C,7846525851606041571579481719726569841969254479401036287710603913649827168185,depth_imbalance_1,120,2647,607,-0.12556395392888187,0.38879736408566723,0.0011334745762711866,0.000780323450134771,0.7706837929731771,7.486635076848308e-05
highest-temperature-in-hong-kong-on-june-4-2026,30°C,7846525851606041571579481719726569841969254479401036287710603913649827168185,depth_imbalance_1,600,2480,729,-0.022190658957649892,0.49657064471879286,0.0011063535911602213,0.0012166212534059945,0.7060483870967742,0.00010035927791029832
highest-temperature-in-hong-kong-on-june-4-2026,31°C,4343626474842586107218237010216959570415882289019016221625230299427941398757,depth_imbalance_1,30,4784,586,0.11806279787823948,0.6604095563139932,0.0016330749354005166,0.0022437185929648235,0.8766722408026756,0.0002108385012919897
highest-temperature-in-hong-kong-on-june-4-2026,31°C,4343626474842586107218237010216959570415882289019016221625230299427941398757,depth_imbalance_1,120,4628,1107,0.21418550944022313,0.6594399277326106,0.0022438356164383565,0.0014045092838196288,0.7599394987035436,0.0007094197791872211
highest-temperature-in-hong-kong-on-june-4-2026,31°C,4343626474842586107218237010216959570415882289019016221625230299427941398757,depth_imbalance_1,600,3856,2244,0.24490279979236385,0.6573083778966132,0.0021230508474576275,0.002345253576072822,0.41234439834024894,0.0008947932661436668
highest-temperature-in-hong-kong-on-june-4-2026,32°C,41030685778380628661154552175629639624740135468439375635819952102942723654172,depth_imbalance_1,30,29040,14601,0.08748166852704868,0.5208547359769878,0.001962393162393163,0.0018485563178959406,0.4922520661157025,0.0003502680492243352
highest-temperature-in-hong-kong-on-june-4-2026,32°C,41030685778380628661154552175629639624740135468439375635819952102942723654172,depth_imbalance_1,120,28848,21588,0.186441491322398,0.54479340374282,0.0027935549698154924,0.0023427292154268855,0.24382972823072657,0.0019193920155647724
highest-temperature-in-hong-kong-on-june-4-2026,32°C,41030685778380628661154552175629639624740135468439375635819952102942723654172,depth_imbalance_1,600,27345,24989,0.23340036677239268,0.5319940773940534,0.005797577854671282,0.004587729799059428,0.07782044249405741,0.003874385201524973
highest-temperature-in-hong-kong-on-june-4-2026,33°C,38665828573094680678670732391672730349872310802149398880623493072598116263922,depth_imbalance_1,30,95055,63772,0.20405261332293148,0.5909176441071317,0.015963671584757456,0.015818383931309417,0.3183525327442007,0.008034832261002097
highest-temperature-in-hong-kong-on-june-4-2026,33°C,38665828573094680678670732391672730349872310802149398880623493072598116263922,depth_imbalance_1,120,94704,80439,0.2039932913255102,0.589216673504146,0.026375854502489665,0.025370123778107316,0.13437658388241258,0.015546700281145028
highest-temperature-in-hong-kong-on-june-4-2026,33°C,38665828573094680678670732391672730349872310802149398880623493072598116263922,depth_imbalance_1,600,90210,84038,0.16011111662949085,0.5726933054094576,0.06192281000664895,0.06147978279030912,0.05110298193104977,0.02611623458940596
highest-temperature-in-hong-kong-on-june-4-2026,34°C or higher,109873367241838326146517367755564260116122386537599485849164411276527335416950,depth_imbalance_1,30,87950,57857,0.16820120771361366,0.5812434104775568,0.016845282345594577,0.01486028561994387,0.33515633882888,0.006399044248205024
highest-temperature-in-hong-kong-on-june-4-2026,34°C or higher,109873367241838326146517367755564260116122386537599485849164411276527335416950,depth_imbalance_1,120,87607,73725,0.1506296195820265,0.5781756527636487,0.023139398489185007,0.025655326537830807,0.15035328227196457,0.006352189686641975
highest-temperature-in-hong-kong-on-june-4-2026,34°C or higher,109873367241838326146517367755564260116122386537599485849164411276527335416950,depth_imbalance_1,600,85356,81482,0.039086304747842325,0.5192066959573893,0.05475618115633716,0.05870695068409231,0.03709171001452739,0.006059551109223502
highest-temperature-in-seattle-on-june-4-2026,57°F or below,6005211052403514903519294469530193079180848007230191260780731971127161086239,depth_imbalance_1,30,5996,112,0.09898437557712347,0.2767857142857143,0.0008387096774193549,0.0014999999999999998,0.981320880587058,2.3762376237623762e-05
highest-temperature-in-seattle-on-june-4-2026,57°F or below,6005211052403514903519294469530193079180848007230191260780731971127161086239,depth_imbalance_1,120,5912,152,0.14766004144999112,0.4473684210526316,0.0008308823529411766,0.0014642857142857142,0.9742895805142084,5.247524752475247e-05
highest-temperature-in-seattle-on-june-4-2026,57°F or below,6005211052403514903519294469530193079180848007230191260780731971127161086239,depth_imbalance_1,600,5788,318,0.23348756638801357,0.5849056603773585,0.0006962365591397851,0.0006666666666666669,0.9450587422252937,0.00010495049504950495
highest-temperature-in-seattle-on-june-4-2026,58-59°F,18031461266723154655278721661453655528238338050888919617567703462594566518604,depth_imbalance_1,30,7551,18,-0.002664947101599596,0.2222222222222222,0.0005,0.002071428571428571,0.9976162097735399,9.053870529651426e-07
highest-temperature-in-seattle-on-june-4-2026,58-59°F,18031461266723154655278721661453655528238338050888919617567703462594566518604,depth_imbalance_1,120,7526,45,0.022911595569952203,0.4222222222222222,0.0005000000000000001,0.0022692307692307695,0.9940207281424396,4.300588501584427e-06
highest-temperature-in-seattle-on-june-4-2026,58-59°F,18031461266723154655278721661453655528238338050888919617567703462594566518604,depth_imbalance_1,600,7449,195,0.02759255622927989,0.3333333333333333,0.0005,0.002453846153846154,0.9738219895287958,1.4712539610683567e-05
highest-temperature-in-seattle-on-june-4-2026,60-61°F,101639698033499921765967229168600590062137920082222469522913613092212153111082,depth_imbalance_1,30,13281,175,0.04347075702305286,0.4228571428571429,0.0006351351351351356,0.0011534653465346536,0.9867479858444395,1.3900341591310206e-05
highest-temperature-in-seattle-on-june-4-2026,60-61°F,101639698033499921765967229168600590062137920082222469522913613092212153111082,depth_imbalance_1,120,13201,448,0.058171714012751195,0.47544642857142855,0.000553990610328639,0.0010723404255319154,0.965987425195061,4.340589938979718e-05
highest-temperature-in-seattle-on-june-4-2026,60-61°F,101639698033499921765967229168600590062137920082222469522913613092212153111082,depth_imbalance_1,600,12669,1218,0.13151340269637726,0.5944170771756979,0.0005179558011049728,0.0008572874493927132,0.9037808824690189,4.880401983544701e-05
highest-temperature-in-seattle-on-june-4-2026,62-63°F,63003374707886802996375622383979961034147622059181469441555980255325801211296,depth_imbalance_1,30,34505,4405,0.13506920245892307,0.5323496027241771,0.001597441364605544,0.0026344660194174765,0.8717287349659469,9.663252696493477e-05
highest-temperature-in-seattle-on-june-4-2026,62-63°F,63003374707886802996375622383979961034147622059181469441555980255325801211296,depth_imbalance_1,120,34370,8051,0.20534861964034914,0.62625760775059,0.0017382982943276479,0.0024953472914589574,0.7639220250218214,0.00032249715514802587
highest-temperature-in-seattle-on-june-4-2026,62-63°F,63003374707886802996375622383979961034147622059181469441555980255325801211296,depth_imbalance_1,600,33867,15829,0.30930736431736533,0.6307410449175563,0.002812750400641026,0.0023727972626176224,0.5307231228039094,0.0016399591718312446
highest-temperature-in-seattle-on-june-4-2026,64-65°F,43225000731294376903555573819155137331662568897978872132260252281754918260540,depth_imbalance_1,30,40030,10150,0.09426542451368577,0.5667980295566503,0.008469494176951158,0.008107800773254493,0.744891331501374,0.0016853654728746271
highest-temperature-in-seattle-on-june-4-2026,64-65°F,43225000731294376903555573819155137331662568897978872132260252281754918260540,depth_imbalance_1,120,39529,16450,0.11816479926959411,0.5759878419452887,0.010810026385224276,0.00889462365591398,0.5814212350426269,0.0029157788250871192
highest-temperature-in-seattle-on-june-4-2026,64-65°F,43225000731294376903555573819155137331662568897978872132260252281754918260540,depth_imbalance_1,600,38196,24731,0.20389088119431545,0.59880312158829,0.01844317644675535,0.015152690989719815,0.3483610849303592,0.011327509056685508
highest-temperature-in-seattle-on-june-4-2026,66-67°F,73683987458319712227596454172023499510276821224103067384285692881930746656249,depth_imbalance_1,30,38921,9272,0.060271690773829274,0.5459447799827437,0.007801264322402207,0.008144893111638952,0.7601551861462963,0.0006947884167135242
highest-temperature-in-seattle-on-june-4-2026,66-67°F,73683987458319712227596454172023499510276821224103067384285692881930746656249,depth_imbalance_1,120,38774,15691,0.05461560402120385,0.5530558919125613,0.009672159483752007,0.011922144588621127,0.5903182545004384,0.0003646228561502657
highest-temperature-in-seattle-on-june-4-2026,66-67°F,73683987458319712227596454172023499510276821224103067384285692881930746656249,depth_imbalance_1,600,37809,26155,-0.03459719789500262,0.47015866947046453,0.012896641457265993,0.012899047481599073,0.3028908460948451,0.0008986791231150902
highest-temperature-in-seattle-on-june-4-2026,68-69°F,30126861085844249816057676108222836345817103212389546079022320845900922210343,depth_imbalance_1,30,46126,7775,0.15515365911624163,0.6537620578778135,0.007073578595317718,0.006554606240713218,0.8302042232146728,0.0017560547299647444
highest-temperature-in-seattle-on-june-4-2026,68-69°F,30126861085844249816057676108222836345817103212389546079022320845900922210343,depth_imbalance_1,120,45939,14743,0.19439186005801198,0.6342671098148274,0.008117848358464325,0.006581045994065274,0.6774853610222251,0.0038795659085675387
highest-temperature-in-seattle-on-june-4-2026,68-69°F,30126861085844249816057676108222836345817103212389546079022320845900922210343,depth_imbalance_1,600,45110,24097,0.28891543990425406,0.6884259451383989,0.011142926035324604,0.008454981353223218,0.4636887608069164,0.011107729443798424
highest-temperature-in-seattle-on-june-4-2026,70-71°F,94810352647434950331716975071302138397027820569643123810782025590936266261544,depth_imbalance_1,30,44812,1142,0.09122875260361096,0.6786339754816112,0.0066580645161290345,0.005953678474114443,0.9745157547085602,0.00033023944986041234
highest-temperature-in-seattle-on-june-4-2026,70-71°F,94810352647434950331716975071302138397027820569643123810782025590936266261544,depth_imbalance_1,120,44653,2765,0.12868571377747767,0.633996383363472,0.007815173987450089,0.005696640316205537,0.9380780686627999,0.0007860059666945372
highest-temperature-in-seattle-on-june-4-2026,70-71°F,94810352647434950331716975071302138397027820569643123810782025590936266261544,depth_imbalance_1,600,43848,5467,0.28389595558292063,0.7742820559721968,0.011131585164186159,0.005632090761750409,0.8753192848020435,0.002642725780751171
highest-temperature-in-seattle-on-june-4-2026,72-73°F,63939495677666109287971340463446215180624974331544887893017784990619204123145,depth_imbalance_1,30,13727,613,-0.03837262565911743,0.31484502446982054,0.0005932642487046638,0.0017833333333333336,0.9553434836453705,-0.0001668222377564867
highest-temperature-in-seattle-on-june-4-2026,72-73°F,63939495677666109287971340463446215180624974331544887893017784990619204123145,depth_imbalance_1,120,13645,1860,-0.046278751631718545,0.34838709677419355,0.0005601851851851856,0.0013077557755775582,0.8636863319897399,-0.00025560167255125757
highest-temperature-in-seattle-on-june-4-2026,72-73°F,63939495677666109287971340463446215180624974331544887893017784990619204123145,depth_imbalance_1,600,13235,3438,-0.139320642450049,0.2952297847585806,0.0006837438423645323,0.0011411473380107306,0.7402342274272762,-0.00032897254983061167
highest-temperature-in-seattle-on-june-4-2026,74-75°F,87198930588174303088806496223300244185985169742003935513932674559112742367069,depth_imbalance_1,30,14075,276,0.22151551522394117,1.0,0.0005380434782608697,,0.9803907637655418,5.643367181067371e-05
highest-temperature-in-seattle-on-june-4-2026,74-75°F,87198930588174303088806496223300244185985169742003935513932674559112742367069,depth_imbalance_1,120,14004,645,0.3155516984073424,1.0,0.0007031007751937986,,0.9539417309340189,0.00014747991481587095
highest-temperature-in-seattle-on-june-4-2026,74-75°F,87198930588174303088806496223300244185985169742003935513932674559112742367069,depth_imbalance_1,600,13678,1829,0.5354945560915674,0.9994532531437944,0.0007554704595185999,0.0005,0.8662816201199006,0.00047907958186754957
highest-temperature-in-seattle-on-june-4-2026,76°F or higher,23184211890775330464856880295223859099296823198656393289737477230842633644093,depth_imbalance_1,30,11616,514,0.11344185640987985,0.603112840466926,0.0005903225806451614,0.000808823529411765,0.9557506887052342,5.500267573609908e-05
highest-temperature-in-seattle-on-june-4-2026,76°F or higher,23184211890775330464856880295223859099296823198656393289737477230842633644093,depth_imbalance_1,120,11542,875,0.005707070046239616,0.464,0.0006059113300492612,0.000830490405117271,0.9241899150927049,-4.7226952698952e-05
highest-temperature-in-seattle-on-june-4-2026,76°F or higher,23184211890775330464856880295223859099296823198656393289737477230842633644093,depth_imbalance_1,600,11190,1305,0.16423687762525677,0.5915708812260536,0.0005278497409326427,0.0007983114446529083,0.8833780160857909,0.00013194423565490596
