event_slug,city,event_date,cohort,lifecycle_bucket,grid_rows,updates,trades,updates_per_minute,trades_per_minute,active_market_count,spread_median,spread_p90
highest-temperature-in-lucknow-on-june-4-2026,Lucknow,2026-06-04,clean,<1h,60,436,7,7.266666666666667,0.11666666666666667,3.0,0.0030000000000000027,0.005
highest-temperature-in-lucknow-on-june-4-2026,Lucknow,2026-06-04,clean,1-6h,300,50729,68,169.09666666666666,0.22666666666666666,3.0,0.006,0.018000000000000002
highest-temperature-in-lucknow-on-june-4-2026,Lucknow,2026-06-04,clean,6-24h,360,85175,42,236.59722222222223,0.11666666666666667,2.986111111111111,0.009000000000000001,0.03600000000000003
highest-temperature-in-los-angeles-on-june-4-2026,Los Angeles,2026-06-04,clean,<1h,60,31358,9,522.6333333333333,0.15,4.0,0.006,0.05000000000000002
highest-temperature-in-los-angeles-on-june-4-2026,Los Angeles,2026-06-04,clean,1-6h,300,149207,232,497.3566666666667,0.7733333333333333,4.343333333333334,0.010000000000000009,0.06
highest-temperature-in-los-angeles-on-june-4-2026,Los Angeles,2026-06-04,clean,6-24h,360,134407,122,373.35277777777776,0.3388888888888889,4.733333333333333,0.009999999999999995,0.020000000000000018
highest-temperature-in-london-on-june-4-2026,London,2026-06-04,clean,<1h,60,71322,185,1188.7,3.0833333333333335,5.0,0.002,0.020000000000000018
highest-temperature-in-london-on-june-4-2026,London,2026-06-04,clean,1-6h,300,258246,489,860.82,1.63,6.59,0.0040000000000000036,0.020000000000000018
highest-temperature-in-london-on-june-4-2026,London,2026-06-04,clean,6-24h,360,145103,109,403.06388888888887,0.30277777777777776,4.991666666666666,0.004,0.010000000000000009
highest-temperature-in-moscow-on-june-4-2026,Moscow,2026-06-04,clean,<1h,60,72167,16,1202.7833333333333,0.26666666666666666,4.0,0.002,0.17010000000000006
highest-temperature-in-moscow-on-june-4-2026,Moscow,2026-06-04,clean,1-6h,300,434611,245,1448.7033333333334,0.8166666666666667,5.506666666666667,0.002,0.07
highest-temperature-in-moscow-on-june-4-2026,Moscow,2026-06-04,clean,6-24h,360,383065,85,1064.0694444444443,0.2361111111111111,4.944444444444445,0.006999999999999999,0.044
highest-temperature-in-denver-on-june-5-2026,Denver,2026-06-05,clean,1-6h,122,0,2,0.0,0.01639344262295082,3.0,0.0015,0.0022000000000002747
highest-temperature-in-denver-on-june-5-2026,Denver,2026-06-05,clean,6-24h,1080,9333,39,8.641666666666667,0.03611111111111111,3.6462962962962964,0.002,0.004
highest-temperature-in-denver-on-june-5-2026,Denver,2026-06-05,clean,>24h,719,13943,21,19.39221140472879,0.02920723226703755,2.8400556328233657,0.003,0.004
highest-temperature-in-sao-paulo-on-june-5-2026,Sao Paulo,2026-06-05,clean,1-6h,179,27241,15,152.18435754189943,0.08379888268156424,3.7541899441340782,0.006,0.030000000000000027
highest-temperature-in-sao-paulo-on-june-5-2026,Sao Paulo,2026-06-05,clean,6-24h,1080,430456,127,398.57037037037037,0.1175925925925926,4.425,0.005,0.03
highest-temperature-in-sao-paulo-on-june-5-2026,Sao Paulo,2026-06-05,clean,>24h,720,177078,35,245.94166666666666,0.04861111111111111,4.069444444444445,0.007999999999999998,0.03
highest-temperature-in-kuala-lumpur-on-june-5-2026,Kuala Lumpur,2026-06-05,clean,1-6h,179,137021,173,765.4804469273743,0.9664804469273743,4.4525139664804465,0.003,0.18999999999999997
highest-temperature-in-kuala-lumpur-on-june-5-2026,Kuala Lumpur,2026-06-05,clean,6-24h,1080,417962,293,387.0018518518518,0.2712962962962963,5.159259259259259,0.0049999999999999975,0.049
highest-temperature-in-kuala-lumpur-on-june-5-2026,Kuala Lumpur,2026-06-05,clean,>24h,720,384728,62,534.3444444444444,0.08611111111111111,4.938888888888889,0.006,0.04000000000000001
highest-temperature-in-hong-kong-on-june-5-2026,Hong Kong,2026-06-05,clean,1-6h,179,77332,368,432.0223463687151,2.0558659217877095,3.536312849162011,0.001,0.028999999999999998
highest-temperature-in-hong-kong-on-june-5-2026,Hong Kong,2026-06-05,clean,6-24h,1080,685926,828,635.1166666666667,0.7666666666666667,4.453703703703703,0.007000000000000006,0.026000000000000002
highest-temperature-in-hong-kong-on-june-5-2026,Hong Kong,2026-06-05,clean,>24h,720,436248,325,605.9,0.4513888888888889,4.769444444444445,0.010000000000000009,0.039999999999999994
highest-temperature-in-singapore-on-june-6-2026,Singapore,2026-06-06,degraded,>24h,246,40544,49,164.8130081300813,0.1991869918699187,4.6016260162601625,0.009999999999999995,0.02999999999999997
highest-temperature-in-chongqing-on-june-6-2026,Chongqing,2026-06-06,degraded,>24h,256,67148,27,262.296875,0.10546875,4.58203125,0.010000000000000009,0.040000000000000036
highest-temperature-in-mexico-city-on-june-6-2026,Mexico City,2026-06-06,degraded,>24h,266,84498,72,317.6616541353383,0.2706766917293233,5.109022556390977,0.010000000000000009,0.06
highest-temperature-in-munich-on-june-6-2026,Munich,2026-06-06,degraded,>24h,246,144869,130,588.8983739837398,0.5284552845528455,5.747967479674797,0.009000000000000001,0.02999999999999997
highest-temperature-in-toronto-on-june-7-2026,Toronto,2026-06-07,degraded,<1h,60,19754,4,329.23333333333335,0.06666666666666667,5.433333333333334,0.014000000000000002,0.03999999999999998
highest-temperature-in-toronto-on-june-7-2026,Toronto,2026-06-07,degraded,1-6h,300,96375,39,321.25,0.13,5.673333333333333,0.005,0.03
highest-temperature-in-toronto-on-june-7-2026,Toronto,2026-06-07,degraded,6-24h,419,168338,52,401.7613365155131,0.12410501193317422,4.682577565632458,0.003,0.027999999999999997
highest-temperature-in-chengdu-on-june-7-2026,Chengdu,2026-06-07,degraded,1-6h,204,16664,34,81.68627450980392,0.16666666666666666,3.9019607843137254,0.0010000000000000009,0.004
highest-temperature-in-chengdu-on-june-7-2026,Chengdu,2026-06-07,degraded,6-24h,419,392346,164,936.3866348448687,0.3914081145584726,4.4534606205250595,0.009999999999999995,0.039999999999999925
highest-temperature-in-nyc-on-june-7-2026,NYC,2026-06-07,degraded,<1h,60,35581,47,593.0166666666667,0.7833333333333333,6.433333333333334,0.004999999999999999,0.019000000000000003
highest-temperature-in-nyc-on-june-7-2026,NYC,2026-06-07,degraded,1-6h,300,187910,110,626.3666666666667,0.36666666666666664,5.0,0.005000000000000001,0.020000000000000004
highest-temperature-in-nyc-on-june-7-2026,NYC,2026-06-07,degraded,6-24h,419,311789,175,744.126491646778,0.41766109785202865,5.720763723150358,0.008,0.020000000000000018
highest-temperature-in-atlanta-on-june-7-2026,Atlanta,2026-06-07,degraded,<1h,60,67816,22,1130.2666666666667,0.36666666666666664,6.733333333333333,0.011,0.03
highest-temperature-in-atlanta-on-june-7-2026,Atlanta,2026-06-07,degraded,1-6h,300,356983,68,1189.9433333333334,0.22666666666666666,5.49,0.014499999999999999,0.04000000000000001
highest-temperature-in-atlanta-on-june-7-2026,Atlanta,2026-06-07,degraded,6-24h,419,446606,102,1065.8854415274463,0.24343675417661098,5.68019093078759,0.010000000000000009,0.042
highest-temperature-in-buenos-aires-on-june-8-2026,Buenos Aires,2026-06-08,clean,<1h,60,14973,6,249.55,0.1,4.266666666666667,0.003,0.02999999999999997
highest-temperature-in-buenos-aires-on-june-8-2026,Buenos Aires,2026-06-08,clean,1-6h,300,103473,20,344.91,0.06666666666666667,4.253333333333333,0.004,0.020000000000000018
highest-temperature-in-buenos-aires-on-june-8-2026,Buenos Aires,2026-06-08,clean,6-24h,1080,303274,142,280.80925925925925,0.13148148148148148,4.9944444444444445,0.004,0.02999999999999997
highest-temperature-in-buenos-aires-on-june-8-2026,Buenos Aires,2026-06-08,clean,>24h,634,226518,36,357.2839116719243,0.056782334384858045,4.769716088328075,0.008999999999999998,0.039999999999999994
highest-temperature-in-taipei-on-june-8-2026,Taipei,2026-06-08,clean,<1h,54,22,10,0.4074074074074074,0.18518518518518517,3.0,0.001,0.002
highest-temperature-in-taipei-on-june-8-2026,Taipei,2026-06-08,clean,1-6h,300,5347,138,17.823333333333334,0.46,4.9366666666666665,0.001,0.005
highest-temperature-in-taipei-on-june-8-2026,Taipei,2026-06-08,clean,6-24h,1080,677488,796,627.3037037037037,0.737037037037037,5.92037037037037,0.008,0.044000000000000004
highest-temperature-in-taipei-on-june-8-2026,Taipei,2026-06-08,clean,>24h,779,299443,158,384.3940949935815,0.20282413350449294,6.14377406931964,0.010000000000000009,0.04000000000000001
highest-temperature-in-amsterdam-on-june-8-2026,Amsterdam,2026-06-08,clean,<1h,60,60176,28,1002.9333333333333,0.4666666666666667,4.683333333333334,0.002,0.12710000000000002
highest-temperature-in-amsterdam-on-june-8-2026,Amsterdam,2026-06-08,clean,1-6h,300,240148,96,800.4933333333333,0.32,5.006666666666667,0.003,0.03999999999999998
highest-temperature-in-amsterdam-on-june-8-2026,Amsterdam,2026-06-08,clean,6-24h,1080,579723,116,536.7805555555556,0.10740740740740741,4.715740740740741,0.003,0.02999999999999997
highest-temperature-in-amsterdam-on-june-8-2026,Amsterdam,2026-06-08,clean,>24h,780,361786,110,463.8282051282051,0.14102564102564102,5.137179487179488,0.004,0.030000000000000027
highest-temperature-in-beijing-on-june-8-2026,Beijing,2026-06-08,clean,<1h,29,760,6,26.20689655172414,0.20689655172413793,3.0,0.001,0.003
highest-temperature-in-beijing-on-june-8-2026,Beijing,2026-06-08,clean,1-6h,300,319571,756,1065.2366666666667,2.52,6.91,0.001,0.019999999999999997
highest-temperature-in-beijing-on-june-8-2026,Beijing,2026-06-08,clean,6-24h,1080,1057998,705,979.6277777777777,0.6527777777777778,6.032407407407407,0.009999999999999981,0.03
highest-temperature-in-beijing-on-june-8-2026,Beijing,2026-06-08,clean,>24h,779,620720,212,796.8164313222079,0.27214377406931967,6.532734274711168,0.009999999999999995,0.03999999999999998
highest-temperature-in-chicago-on-june-9-2026,Chicago,2026-06-09,clean,<1h,60,32594,3,543.2333333333333,0.05,4.183333333333334,0.006,0.020000000000000004
highest-temperature-in-chicago-on-june-9-2026,Chicago,2026-06-09,clean,1-6h,300,248092,32,826.9733333333334,0.10666666666666667,4.17,0.008,0.030000000000000006
highest-temperature-in-chicago-on-june-9-2026,Chicago,2026-06-09,clean,6-24h,1080,219091,148,202.86203703703703,0.13703703703703704,5.089814814814815,0.008,0.03
highest-temperature-in-chicago-on-june-9-2026,Chicago,2026-06-09,clean,>24h,632,174951,81,276.82120253164555,0.1281645569620253,5.417721518987341,0.010000000000000009,0.03999999999999998
highest-temperature-in-panama-city-on-june-9-2026,Panama City,2026-06-09,clean,<1h,60,30459,8,507.65,0.13333333333333333,5.633333333333334,0.006,0.03000000000000001
highest-temperature-in-panama-city-on-june-9-2026,Panama City,2026-06-09,clean,1-6h,300,219901,33,733.0033333333333,0.11,4.583333333333333,0.005,0.030000000000000027
highest-temperature-in-panama-city-on-june-9-2026,Panama City,2026-06-09,clean,6-24h,1080,591442,62,547.6314814814815,0.05740740740740741,5.012962962962963,0.004,0.07
highest-temperature-in-panama-city-on-june-9-2026,Panama City,2026-06-09,clean,>24h,633,318252,125,502.76777251184836,0.19747235387045814,4.459715639810427,0.009999999999999995,0.06
highest-temperature-in-shenzhen-on-june-9-2026,Shenzhen,2026-06-09,clean,<1h,60,14455,15,240.91666666666666,0.25,3.0,0.001,0.009000000000000001
highest-temperature-in-shenzhen-on-june-9-2026,Shenzhen,2026-06-09,clean,1-6h,300,196223,868,654.0766666666667,2.8933333333333335,5.52,0.001,0.09000000000000002
highest-temperature-in-shenzhen-on-june-9-2026,Shenzhen,2026-06-09,clean,6-24h,1080,751511,783,695.8435185185185,0.725,5.840740740740741,0.009999999999999995,0.046
highest-temperature-in-shenzhen-on-june-9-2026,Shenzhen,2026-06-09,clean,>24h,1874,515905,134,275.2961579509072,0.07150480256136606,5.392742796157951,0.010000000000000009,0.07
highest-temperature-in-seoul-on-june-9-2026,Seoul,2026-06-09,clean,<1h,35,0,3,0.0,0.08571428571428572,3.0,0.001,0.002100000000000024
highest-temperature-in-seoul-on-june-9-2026,Seoul,2026-06-09,clean,1-6h,300,12594,165,41.98,0.55,3.933333333333333,0.001,0.003
highest-temperature-in-seoul-on-june-9-2026,Seoul,2026-06-09,clean,6-24h,1080,848075,2116,785.2546296296297,1.9592592592592593,5.230555555555555,0.005000000000000001,0.020000000000000018
highest-temperature-in-seoul-on-june-9-2026,Seoul,2026-06-09,clean,>24h,1894,1076928,419,568.5997888067582,0.2212249208025343,5.432946145723337,0.009999999999999981,0.03999999999999998
highest-temperature-in-seattle-on-june-10-2026,Seattle,2026-06-10,clean,<1h,60,14931,3,248.85,0.05,4.566666666666666,0.006,0.039
highest-temperature-in-seattle-on-june-10-2026,Seattle,2026-06-10,clean,1-6h,300,177147,72,590.49,0.24,4.556666666666667,0.005999999999999998,0.030000000000000027
highest-temperature-in-seattle-on-june-10-2026,Seattle,2026-06-10,clean,6-24h,1080,244352,89,226.25185185185185,0.0824074074074074,4.687037037037037,0.004999999999999999,0.02999999999999997
highest-temperature-in-seattle-on-june-10-2026,Seattle,2026-06-10,clean,>24h,563,206536,34,366.8490230905862,0.06039076376554174,3.872113676731794,0.010000000000000009,0.05000000000000002
highest-temperature-in-qingdao-on-june-10-2026,Qingdao,2026-06-10,clean,<1h,57,0,1,0.0,0.017543859649122806,3.0,0.0010000000000000005,0.003
highest-temperature-in-qingdao-on-june-10-2026,Qingdao,2026-06-10,clean,1-6h,300,68588,114,228.62666666666667,0.38,3.506666666666667,0.002,0.009000000000000001
highest-temperature-in-qingdao-on-june-10-2026,Qingdao,2026-06-10,clean,6-24h,1080,383412,171,355.0111111111111,0.15833333333333333,5.0,0.006999999999999999,0.06
highest-temperature-in-qingdao-on-june-10-2026,Qingdao,2026-06-10,clean,>24h,1882,643491,37,341.91870350690755,0.019659936238044632,4.8815090329436766,0.010000000000000009,0.06
highest-temperature-in-wuhan-on-june-10-2026,Wuhan,2026-06-10,clean,<1h,48,0,3,0.0,0.0625,3.0,0.001,0.004100000000000026
highest-temperature-in-wuhan-on-june-10-2026,Wuhan,2026-06-10,clean,1-6h,300,210629,436,702.0966666666667,1.4533333333333334,5.04,0.003,0.030000000000000027
highest-temperature-in-wuhan-on-june-10-2026,Wuhan,2026-06-10,clean,6-24h,1080,482443,296,446.7064814814815,0.2740740740740741,4.407407407407407,0.004999999999999999,0.030000000000000027
highest-temperature-in-wuhan-on-june-10-2026,Wuhan,2026-06-10,clean,>24h,1883,704165,80,373.95910780669146,0.04248539564524695,4.858736059479554,0.010000000000000009,0.06999999999999999
highest-temperature-in-shanghai-on-june-10-2026,Shanghai,2026-06-10,clean,<1h,58,0,4,0.0,0.06896551724137931,3.0,0.001,0.003
highest-temperature-in-shanghai-on-june-10-2026,Shanghai,2026-06-10,clean,1-6h,300,185971,258,619.9033333333333,0.86,4.6066666666666665,0.001,0.004
highest-temperature-in-shanghai-on-june-10-2026,Shanghai,2026-06-10,clean,6-24h,1080,1200027,1181,1111.1361111111112,1.0935185185185186,6.345370370370371,0.005,0.029
highest-temperature-in-shanghai-on-june-10-2026,Shanghai,2026-06-10,clean,>24h,1892,914031,186,483.10306553911204,0.09830866807610994,5.145877378435518,0.009999999999999981,0.039999999999999994
highest-temperature-in-austin-on-june-11-2026,Austin,2026-06-11,degraded,6-24h,936,185796,55,198.5,0.05876068376068376,5.372863247863248,0.007000000000000003,0.02999999999999997
highest-temperature-in-austin-on-june-11-2026,Austin,2026-06-11,degraded,>24h,626,333010,32,531.964856230032,0.051118210862619806,4.6916932907348246,0.016,0.04999999999999999
highest-temperature-in-ankara-on-june-11-2026,Ankara,2026-06-11,degraded,6-24h,936,278579,85,297.6271367521368,0.09081196581196581,5.372863247863248,0.003,0.020000000000000018
highest-temperature-in-ankara-on-june-11-2026,Ankara,2026-06-11,degraded,>24h,1834,527922,141,287.8527808069793,0.07688113413304253,4.544165757906216,0.007,0.04000000000000001
highest-temperature-in-manila-on-june-11-2026,Manila,2026-06-11,degraded,6-24h,936,480551,258,513.409188034188,0.27564102564102566,5.1260683760683765,0.005,0.030000000000000027
highest-temperature-in-manila-on-june-11-2026,Manila,2026-06-11,degraded,>24h,1882,589079,141,313.0069075451647,0.07492029755579172,5.127523910733262,0.009,0.04999999999999999
highest-temperature-in-karachi-on-june-11-2026,Karachi,2026-06-11,degraded,6-24h,936,599588,438,640.5854700854701,0.46794871794871795,6.806623931623932,0.006999999999999999,0.030999999999999996
highest-temperature-in-karachi-on-june-11-2026,Karachi,2026-06-11,degraded,>24h,1833,788346,184,430.0851063829787,0.10038188761593017,5.679759956355701,0.009999999999999995,0.045
highest-temperature-in-houston-on-june-12-2026,Houston,2026-06-12,degraded,>24h,132,9636,1,73.0,0.007575757575757576,5.598484848484849,0.03999999999999998,0.15
highest-temperature-in-istanbul-on-june-12-2026,Istanbul,2026-06-12,degraded,>24h,1323,220153,23,166.40438397581255,0.017384731670445956,4.757369614512472,0.022,0.09999999999999998
highest-temperature-in-tokyo-on-june-12-2026,Tokyo,2026-06-12,degraded,>24h,1385,383218,83,276.6916967509025,0.059927797833935016,4.3444043321299635,0.009999999999999995,0.050000000000000044
highest-temperature-in-busan-on-june-12-2026,Busan,2026-06-12,degraded,>24h,1384,479720,28,346.6184971098266,0.02023121387283237,4.438583815028902,0.010000000000000009,0.050000000000000044
