event_slug,city,bucket,minutes,updates_per_minute,trades_per_minute,minutes_with_updates,minutes_with_trades,active_markets,spread
highest-temperature-in-amsterdam-on-june-8-2026,Amsterdam,0-1h,17,0.0,0.11764705882352941,0.0,0.11764705882352941,3.0,0.001
highest-temperature-in-amsterdam-on-june-8-2026,Amsterdam,1-3h,120,0.0,0.025,0.0,0.025,3.0,0.001
highest-temperature-in-amsterdam-on-june-8-2026,Amsterdam,3-6h,180,0.0,0.011111111111111112,0.0,0.011111111111111112,3.0,0.001
highest-temperature-in-amsterdam-on-june-8-2026,Amsterdam,6-12h,360,365.0833333333333,0.7277777777777777,0.7083333333333334,0.24722222222222223,5.105555555555555,0.001
highest-temperature-in-amsterdam-on-june-8-2026,Amsterdam,12-24h,720,839.8888888888889,0.22083333333333333,1.0,0.1361111111111111,4.713888888888889,0.003
highest-temperature-in-amsterdam-on-june-8-2026,Amsterdam,24-36h,720,340.575,0.07916666666666666,0.8888888888888888,0.06388888888888888,4.856944444444444,0.003
highest-temperature-in-amsterdam-on-june-8-2026,Amsterdam,36-48h,720,460.5861111111111,0.15,1.0,0.06388888888888888,5.1625,0.004
highest-temperature-in-amsterdam-on-june-8-2026,Amsterdam,48-72h,236,304.9957627118644,0.0423728813559322,0.8008474576271186,0.03389830508474576,4.4491525423728815,0.01
highest-temperature-in-ankara-on-june-10-2026,Ankara,1-3h,102,0.0,0.00980392156862745,0.0,0.00980392156862745,3.0,0.001
highest-temperature-in-ankara-on-june-10-2026,Ankara,3-6h,180,3.45,0.06666666666666667,0.18888888888888888,0.05,3.327777777777778,0.001
highest-temperature-in-ankara-on-june-10-2026,Ankara,6-12h,360,363.85555555555555,1.0194444444444444,0.9722222222222222,0.41944444444444445,4.983333333333333,0.001
highest-temperature-in-ankara-on-june-10-2026,Ankara,12-24h,720,264.20416666666665,0.37777777777777777,0.9638888888888889,0.20833333333333334,4.823611111111111,0.004
highest-temperature-in-ankara-on-june-10-2026,Ankara,24-36h,720,416.0444444444444,0.26805555555555555,1.0,0.09861111111111111,4.990277777777778,0.002
highest-temperature-in-ankara-on-june-10-2026,Ankara,36-48h,720,435.89444444444445,0.06111111111111111,0.9708333333333333,0.04861111111111111,5.191666666666666,0.0059999999999999
highest-temperature-in-ankara-on-june-10-2026,Ankara,48-72h,1081,290.9703977798335,0.07215541165587419,0.9361702127659575,0.05272895467160037,4.26827012025902,0.005
highest-temperature-in-beijing-on-june-8-2026,Beijing,0-1h,39,0.0,0.05128205128205128,0.0,0.05128205128205128,3.0,0.001
highest-temperature-in-beijing-on-june-8-2026,Beijing,1-3h,120,0.0,0.025,0.0,0.025,3.25,0.001
highest-temperature-in-beijing-on-june-8-2026,Beijing,3-6h,180,4.222222222222222,0.08888888888888889,0.03333333333333333,0.07222222222222222,3.1666666666666665,0.001
highest-temperature-in-beijing-on-june-8-2026,Beijing,6-12h,360,1342.5583333333334,2.5027777777777778,0.7583333333333333,0.5861111111111111,7.183333333333334,0.001
highest-temperature-in-beijing-on-june-8-2026,Beijing,12-24h,720,944.7972222222222,0.7013888888888888,0.9,0.25972222222222224,5.895833333333333,0.0099999999999999
highest-temperature-in-beijing-on-june-8-2026,Beijing,24-36h,720,816.8402777777778,0.21944444444444444,1.0,0.13194444444444445,6.152777777777778,0.01
highest-temperature-in-beijing-on-june-8-2026,Beijing,36-48h,558,570.2491039426524,0.2114695340501792,0.9157706093189965,0.10215053763440861,6.005376344086022,0.01
highest-temperature-in-buenos-aires-on-june-9-2026,Buenos Aires,1-3h,103,0.0,0.019417475728155338,0.0,0.019417475728155338,3.0,0.001
highest-temperature-in-buenos-aires-on-june-9-2026,Buenos Aires,3-6h,180,0.027777777777777776,0.03888888888888889,0.005555555555555556,0.03888888888888889,3.1944444444444446,0.001
highest-temperature-in-buenos-aires-on-june-9-2026,Buenos Aires,6-12h,360,220.55555555555554,0.6833333333333333,0.8333333333333334,0.23333333333333334,4.502777777777778,0.001
highest-temperature-in-buenos-aires-on-june-9-2026,Buenos Aires,12-24h,720,807.1652777777778,0.6152777777777778,1.0,0.2013888888888889,6.055555555555555,0.006
highest-temperature-in-buenos-aires-on-june-9-2026,Buenos Aires,24-36h,720,255.94444444444446,0.06805555555555555,0.9166666666666666,0.05277777777777778,5.195833333333334,0.0069999999999999
highest-temperature-in-buenos-aires-on-june-9-2026,Buenos Aires,36-48h,720,385.26944444444445,0.04583333333333333,0.9652777777777778,0.0375,4.665277777777778,0.0049999999999999
highest-temperature-in-buenos-aires-on-june-9-2026,Buenos Aires,48-72h,168,154.7202380952381,0.14285714285714285,1.0,0.09523809523809523,4.458333333333333,0.01
highest-temperature-in-busan-on-june-6-2026,Busan,0-1h,57,0.0,0.03508771929824561,0.0,0.03508771929824561,3.0,0.002
highest-temperature-in-busan-on-june-6-2026,Busan,1-3h,120,0.0,0.008333333333333333,0.0,0.008333333333333333,3.0,0.002
highest-temperature-in-busan-on-june-6-2026,Busan,3-6h,180,0.1111111111111111,0.05555555555555555,0.03333333333333333,0.027777777777777776,3.5,0.002
highest-temperature-in-busan-on-june-6-2026,Busan,6-12h,360,350.8361111111111,0.36944444444444446,0.9027777777777778,0.21666666666666667,3.8027777777777776,0.002
highest-temperature-in-busan-on-june-6-2026,Busan,12-24h,720,409.0416666666667,0.14166666666666666,0.7208333333333333,0.07222222222222222,4.711111111111111,0.004
highest-temperature-in-busan-on-june-6-2026,Busan,24-36h,681,218.72540381791484,0.10572687224669604,0.8869309838472834,0.0631424375917768,4.052863436123348,0.009
highest-temperature-in-cape-town-on-june-8-2026,Cape Town,0-1h,29,0.0,0.10344827586206896,0.0,0.10344827586206896,3.0,0.002
highest-temperature-in-cape-town-on-june-8-2026,Cape Town,1-3h,120,2.033333333333333,0.016666666666666666,0.425,0.016666666666666666,3.283333333333333,0.002
highest-temperature-in-cape-town-on-june-8-2026,Cape Town,3-6h,180,5.416666666666667,0.027777777777777776,0.6555555555555556,0.022222222222222223,3.0388888888888888,0.002
highest-temperature-in-cape-town-on-june-8-2026,Cape Town,6-12h,360,494.81944444444446,0.675,0.8666666666666667,0.21944444444444444,3.8027777777777776,0.002
highest-temperature-in-cape-town-on-june-8-2026,Cape Town,12-24h,720,1078.6416666666667,0.4166666666666667,1.0,0.13194444444444445,4.9875,0.005
highest-temperature-in-cape-town-on-june-8-2026,Cape Town,24-36h,720,351.45416666666665,0.08055555555555556,0.8986111111111111,0.04583333333333333,5.416666666666667,0.002
highest-temperature-in-cape-town-on-june-8-2026,Cape Town,36-48h,720,531.1,0.06944444444444445,1.0,0.05416666666666667,4.720833333333333,0.0069999999999999
highest-temperature-in-cape-town-on-june-8-2026,Cape Town,48-72h,197,201.10152284263958,0.07106598984771574,0.751269035532995,0.050761421319796954,4.380710659898477,0.01
highest-temperature-in-chengdu-on-june-10-2026,Chengdu,0-1h,6,0.0,0.16666666666666666,0.0,0.16666666666666666,3.0,0.001
highest-temperature-in-chengdu-on-june-10-2026,Chengdu,1-3h,120,0.0,0.008333333333333333,0.0,0.008333333333333333,3.0,0.001
highest-temperature-in-chengdu-on-june-10-2026,Chengdu,3-6h,180,0.0,0.06111111111111111,0.0,0.06111111111111111,3.1666666666666665,0.001
highest-temperature-in-chengdu-on-june-10-2026,Chengdu,6-12h,360,558.7555555555556,0.7444444444444445,0.7111111111111111,0.3611111111111111,5.161111111111111,0.001
highest-temperature-in-chengdu-on-june-10-2026,Chengdu,12-24h,720,445.4472222222222,0.24444444444444444,0.9666666666666667,0.13333333333333333,6.597222222222222,0.0099999999999999
highest-temperature-in-chengdu-on-june-10-2026,Chengdu,24-36h,720,433.76666666666665,0.1111111111111111,1.0,0.07777777777777778,5.169444444444444,0.0129999999999999
highest-temperature-in-chengdu-on-june-10-2026,Chengdu,36-48h,720,321.78194444444443,0.04027777777777778,0.9333333333333333,0.030555555555555555,5.420833333333333,0.0199999999999999
highest-temperature-in-chengdu-on-june-10-2026,Chengdu,48-72h,756,317.71560846560845,0.05026455026455026,0.9563492063492064,0.0291005291005291,5.567460317460317,0.02
highest-temperature-in-chongqing-on-june-6-2026,Chongqing,0-1h,17,0.0,0.058823529411764705,0.0,0.058823529411764705,3.0,0.002
highest-temperature-in-chongqing-on-june-6-2026,Chongqing,1-3h,120,0.0,0.025,0.0,0.025,3.0,0.002
highest-temperature-in-chongqing-on-june-6-2026,Chongqing,3-6h,180,0.0,0.022222222222222223,0.0,0.022222222222222223,3.088888888888889,0.002
highest-temperature-in-chongqing-on-june-6-2026,Chongqing,6-12h,360,687.4833333333333,1.4416666666666667,0.95,0.45555555555555555,4.05,0.002
highest-temperature-in-chongqing-on-june-6-2026,Chongqing,12-24h,720,352.58472222222224,0.10694444444444444,0.7333333333333333,0.07361111111111111,5.118055555555555,0.003
highest-temperature-in-chongqing-on-june-6-2026,Chongqing,24-36h,720,228.84444444444443,0.10972222222222222,0.8625,0.07222222222222222,4.870833333333334,0.0069999999999999
highest-temperature-in-chongqing-on-june-6-2026,Chongqing,36-48h,14,88.28571428571429,0.14285714285714285,1.0,0.14285714285714285,5.214285714285714,0.135
highest-temperature-in-dallas-on-june-8-2026,Dallas,1-3h,70,0.0,0.04285714285714286,0.0,0.04285714285714286,3.0,0.001
highest-temperature-in-dallas-on-june-8-2026,Dallas,3-6h,180,0.0,0.005555555555555556,0.0,0.005555555555555556,3.0,0.001
highest-temperature-in-dallas-on-june-8-2026,Dallas,6-12h,360,280.8361111111111,0.8138888888888889,0.8361111111111111,0.21388888888888888,5.3277777777777775,0.001
highest-temperature-in-dallas-on-june-8-2026,Dallas,12-24h,720,647.4569444444444,0.22777777777777777,0.9222222222222223,0.10555555555555556,5.4430555555555555,0.002
highest-temperature-in-dallas-on-june-8-2026,Dallas,24-36h,720,354.7388888888889,0.14583333333333334,0.9180555555555555,0.06527777777777778,5.338888888888889,0.00849999999999995
highest-temperature-in-dallas-on-june-8-2026,Dallas,36-48h,720,282.43194444444447,0.10972222222222222,0.9763888888888889,0.08194444444444444,4.608333333333333,0.0099999999999999
highest-temperature-in-dallas-on-june-8-2026,Dallas,48-72h,321,337.1121495327103,0.040498442367601244,1.0,0.03426791277258567,4.118380062305296,0.018
highest-temperature-in-denver-on-june-6-2026,Denver,0-1h,16,0.0,0.0625,0.0,0.0625,3.0,0.001
highest-temperature-in-denver-on-june-6-2026,Denver,1-3h,120,0.0,0.016666666666666666,0.0,0.016666666666666666,3.0,0.001
highest-temperature-in-denver-on-june-6-2026,Denver,3-6h,180,0.3111111111111111,0.23333333333333334,0.05555555555555555,0.05555555555555555,3.0,0.001
highest-temperature-in-denver-on-june-6-2026,Denver,6-12h,360,423.6722222222222,0.4166666666666667,0.7472222222222222,0.225,4.133333333333334,0.001
highest-temperature-in-denver-on-june-6-2026,Denver,12-24h,720,448.68888888888887,0.21805555555555556,0.9583333333333334,0.09861111111111111,4.997222222222222,0.0069999999999999
highest-temperature-in-denver-on-june-6-2026,Denver,24-36h,720,343.2986111111111,0.12083333333333333,0.8152777777777778,0.04861111111111111,5.1722222222222225,0.005
highest-temperature-in-denver-on-june-6-2026,Denver,36-48h,720,260.9736111111111,0.05277777777777778,0.7791666666666667,0.041666666666666664,3.9194444444444443,0.0099999999999999
highest-temperature-in-denver-on-june-6-2026,Denver,48-72h,182,207.5164835164835,0.10989010989010989,0.9945054945054945,0.08241758241758242,4.549450549450549,0.01349999999999995
highest-temperature-in-helsinki-on-june-7-2026,Helsinki,1-3h,112,0.0,0.026785714285714284,0.0,0.026785714285714284,3.0,0.002
highest-temperature-in-helsinki-on-june-7-2026,Helsinki,3-6h,180,15.705555555555556,0.12222222222222222,0.35555555555555557,0.09444444444444444,3.683333333333333,0.002
highest-temperature-in-helsinki-on-june-7-2026,Helsinki,6-12h,360,680.0166666666667,0.8555555555555555,0.9972222222222222,0.37777777777777777,4.955555555555556,0.002
highest-temperature-in-helsinki-on-june-7-2026,Helsinki,12-24h,720,534.2055555555555,0.225,0.9819444444444444,0.11527777777777778,4.048611111111111,0.005
highest-temperature-in-helsinki-on-june-7-2026,Helsinki,24-36h,720,853.5138888888889,0.08888888888888889,0.9138888888888889,0.059722222222222225,4.913888888888889,0.004
highest-temperature-in-helsinki-on-june-7-2026,Helsinki,36-48h,309,2378.1003236245956,0.10679611650485436,0.9773462783171522,0.10355987055016182,4.5210355987055015,0.008
highest-temperature-in-hong-kong-on-june-6-2026,Hong Kong,6-12h,63,0.47619047619047616,0.06349206349206349,0.19047619047619047,0.06349206349206349,3.0,0.001
highest-temperature-in-hong-kong-on-june-6-2026,Hong Kong,12-24h,720,1.3805555555555555,0.02361111111111111,0.2111111111111111,0.022222222222222223,3.1666666666666665,0.001
highest-temperature-in-hong-kong-on-june-6-2026,Hong Kong,24-36h,720,7.061111111111111,0.030555555555555555,0.5138888888888888,0.029166666666666667,3.161111111111111,0.001
highest-temperature-in-hong-kong-on-june-6-2026,Hong Kong,36-48h,720,481.6069444444444,0.8263888888888888,0.9458333333333333,0.3888888888888889,4.558333333333334,0.001
highest-temperature-in-hong-kong-on-june-6-2026,Hong Kong,48-72h,1369,346.3871439006574,0.4039444850255661,0.7969320672023374,0.21110299488677867,5.693937180423667,0.0075
highest-temperature-in-houston-on-june-8-2026,Houston,0-1h,22,0.0,0.045454545454545456,0.0,0.045454545454545456,3.0,0.001
highest-temperature-in-houston-on-june-8-2026,Houston,1-3h,120,0.0,0.008333333333333333,0.0,0.008333333333333333,3.0,0.001
highest-temperature-in-houston-on-june-8-2026,Houston,3-6h,180,0.0,0.005555555555555556,0.0,0.005555555555555556,3.0,0.001
highest-temperature-in-houston-on-june-8-2026,Houston,6-12h,360,275.68611111111113,0.3055555555555556,0.8,0.1388888888888889,4.544444444444444,0.002
highest-temperature-in-houston-on-june-8-2026,Houston,12-24h,720,647.5611111111111,0.2152777777777778,0.9222222222222223,0.12638888888888888,4.426388888888889,0.0049999999999999
highest-temperature-in-houston-on-june-8-2026,Houston,24-36h,720,236.27916666666667,0.10694444444444444,0.9291666666666667,0.04861111111111111,4.470833333333333,0.0079999999999999
highest-temperature-in-houston-on-june-8-2026,Houston,36-48h,720,219.53333333333333,0.05555555555555555,0.9791666666666666,0.03611111111111111,5.176388888888889,0.005
highest-temperature-in-houston-on-june-8-2026,Houston,48-72h,315,396.76190476190476,0.05396825396825397,1.0,0.05396825396825397,5.304761904761905,0.01
highest-temperature-in-istanbul-on-june-7-2026,Istanbul,1-3h,56,0.0,0.05357142857142857,0.0,0.05357142857142857,3.0,0.001
highest-temperature-in-istanbul-on-june-7-2026,Istanbul,3-6h,180,0.18888888888888888,0.05555555555555555,0.022222222222222223,0.05555555555555555,3.216666666666667,0.001
highest-temperature-in-istanbul-on-june-7-2026,Istanbul,6-12h,360,877.8055555555555,0.6416666666666667,0.9722222222222222,0.23333333333333334,5.45,0.001
highest-temperature-in-istanbul-on-june-7-2026,Istanbul,12-24h,720,1006.8541666666666,0.2361111111111111,0.9847222222222223,0.12638888888888888,5.197222222222222,0.008
highest-temperature-in-istanbul-on-june-7-2026,Istanbul,24-36h,720,715.6180555555555,0.13194444444444445,0.9083333333333333,0.09166666666666666,5.541666666666667,0.01
highest-temperature-in-istanbul-on-june-7-2026,Istanbul,36-48h,283,274.4028268551237,0.13427561837455831,0.9893992932862191,0.10247349823321555,4.681978798586573,0.015
highest-temperature-in-jeddah-on-june-6-2026,Jeddah,0-1h,23,0.7391304347826086,0.043478260869565216,0.043478260869565216,0.043478260869565216,3.0,0.002
highest-temperature-in-jeddah-on-june-6-2026,Jeddah,1-3h,120,2.475,0.016666666666666666,0.48333333333333334,0.016666666666666666,3.0,0.002
highest-temperature-in-jeddah-on-june-6-2026,Jeddah,3-6h,180,1.4,0.044444444444444446,0.2111111111111111,0.044444444444444446,3.227777777777778,0.002
highest-temperature-in-jeddah-on-june-6-2026,Jeddah,6-12h,360,713.5111111111111,0.3972222222222222,0.9583333333333334,0.24722222222222223,3.675,0.002
highest-temperature-in-jeddah-on-june-6-2026,Jeddah,12-24h,720,812.4041666666667,0.17083333333333334,0.8430555555555556,0.08055555555555556,3.3194444444444446,0.003
highest-temperature-in-jeddah-on-june-6-2026,Jeddah,24-36h,720,271.65277777777777,0.0625,0.75,0.043055555555555555,3.9125,0.003
highest-temperature-in-jeddah-on-june-6-2026,Jeddah,36-48h,300,193.96333333333334,0.26,0.9733333333333334,0.13333333333333333,4.843333333333334,0.008
highest-temperature-in-karachi-on-june-9-2026,Karachi,3-6h,166,1.6566265060240963,0.030120481927710843,0.12048192771084337,0.024096385542168676,3.0,0.001
highest-temperature-in-karachi-on-june-9-2026,Karachi,6-12h,360,164.62777777777777,0.4,0.7694444444444445,0.19722222222222222,4.258333333333334,0.004
highest-temperature-in-karachi-on-june-9-2026,Karachi,12-24h,720,972.0625,0.6375,0.9666666666666667,0.18194444444444444,4.411111111111111,0.005
highest-temperature-in-karachi-on-june-9-2026,Karachi,24-36h,720,266.09027777777777,0.07222222222222222,0.9097222222222222,0.04027777777777778,4.177777777777778,0.005
highest-temperature-in-karachi-on-june-9-2026,Karachi,36-48h,720,193.87083333333334,0.02638888888888889,0.9541666666666667,0.020833333333333332,3.8541666666666665,0.008
highest-temperature-in-karachi-on-june-9-2026,Karachi,48-72h,947,176.9260823653643,0.06335797254487856,0.9588173178458289,0.024287222808870117,4.775079197465681,0.01
highest-temperature-in-kuala-lumpur-on-june-9-2026,Kuala Lumpur,0-1h,26,0.0,0.038461538461538464,0.0,0.038461538461538464,3.0,0.001
highest-temperature-in-kuala-lumpur-on-june-9-2026,Kuala Lumpur,1-3h,120,0.0,0.008333333333333333,0.0,0.008333333333333333,3.0,0.001
highest-temperature-in-kuala-lumpur-on-june-9-2026,Kuala Lumpur,3-6h,180,0.25555555555555554,0.05555555555555555,0.027777777777777776,0.05555555555555555,3.25,0.001
highest-temperature-in-kuala-lumpur-on-june-9-2026,Kuala Lumpur,6-12h,360,355.625,0.4527777777777778,0.9055555555555556,0.20833333333333334,3.9166666666666665,0.001
highest-temperature-in-kuala-lumpur-on-june-9-2026,Kuala Lumpur,12-24h,720,754.3125,0.1875,0.9305555555555556,0.11527777777777778,4.8875,0.0049999999999999
highest-temperature-in-kuala-lumpur-on-june-9-2026,Kuala Lumpur,24-36h,720,396.0138888888889,0.13472222222222222,0.9569444444444445,0.09027777777777778,5.726388888888889,0.0069999999999999
highest-temperature-in-kuala-lumpur-on-june-9-2026,Kuala Lumpur,36-48h,720,312.3277777777778,0.10972222222222222,0.9069444444444444,0.06805555555555555,5.084722222222222,0.01
highest-temperature-in-kuala-lumpur-on-june-9-2026,Kuala Lumpur,48-72h,746,379.2815013404826,0.03351206434316354,1.0,0.021447721179624665,4.804289544235925,0.024
highest-temperature-in-lucknow-on-june-6-2026,Lucknow,0-1h,15,0.0,0.13333333333333333,0.0,0.06666666666666667,3.0,0.001
highest-temperature-in-lucknow-on-june-6-2026,Lucknow,1-3h,120,1.0666666666666667,0.025,0.25833333333333336,0.016666666666666666,3.0833333333333335,0.001
highest-temperature-in-lucknow-on-june-6-2026,Lucknow,3-6h,180,14.183333333333334,0.07777777777777778,0.42777777777777776,0.07222222222222222,4.038888888888889,0.001
highest-temperature-in-lucknow-on-june-6-2026,Lucknow,6-12h,360,620.5055555555556,0.46944444444444444,0.9944444444444445,0.25833333333333336,4.933333333333334,0.003
highest-temperature-in-lucknow-on-june-6-2026,Lucknow,12-24h,720,312.8152777777778,0.2111111111111111,0.825,0.09166666666666666,4.930555555555555,0.004
highest-temperature-in-lucknow-on-june-6-2026,Lucknow,24-36h,720,287.25138888888887,0.17222222222222222,0.7944444444444444,0.11805555555555555,6.006944444444445,0.0049999999999999
highest-temperature-in-lucknow-on-june-6-2026,Lucknow,36-48h,186,355.26881720430106,0.22043010752688172,1.0,0.15053763440860216,4.370967741935484,0.01
highest-temperature-in-manila-on-june-8-2026,Manila,1-3h,101,7.584158415841584,0.019801980198019802,0.5544554455445545,0.019801980198019802,3.772277227722772,0.001
highest-temperature-in-manila-on-june-8-2026,Manila,3-6h,180,4.15,0.044444444444444446,0.4388888888888889,0.044444444444444446,3.783333333333333,0.001
highest-temperature-in-manila-on-june-8-2026,Manila,6-12h,360,665.7861111111112,0.3333333333333333,0.9555555555555556,0.20833333333333334,3.9277777777777776,0.002
highest-temperature-in-manila-on-june-8-2026,Manila,12-24h,720,590.3944444444444,0.2847222222222222,0.8916666666666667,0.10694444444444444,4.475,0.0059999999999999
highest-temperature-in-manila-on-june-8-2026,Manila,24-36h,720,284.72777777777776,0.04861111111111111,1.0,0.029166666666666667,4.051388888888889,0.005
highest-temperature-in-manila-on-june-8-2026,Manila,36-48h,554,371.56859205776175,0.04512635379061372,0.9187725631768953,0.04151624548736462,4.411552346570397,0.0099999999999999
highest-temperature-in-mexico-city-on-june-8-2026,Mexico City,0-1h,23,0.0,0.043478260869565216,0.0,0.043478260869565216,3.0,0.003
highest-temperature-in-mexico-city-on-june-8-2026,Mexico City,1-3h,120,0.0,0.0,0.0,0.0,3.0,0.003
highest-temperature-in-mexico-city-on-june-8-2026,Mexico City,3-6h,180,0.0,0.016666666666666666,0.0,0.011111111111111112,3.0,0.003
highest-temperature-in-mexico-city-on-june-8-2026,Mexico City,6-12h,360,177.1611111111111,0.2777777777777778,0.7138888888888889,0.14722222222222223,3.8555555555555556,0.004
highest-temperature-in-mexico-city-on-june-8-2026,Mexico City,12-24h,720,502.43888888888887,0.31666666666666665,0.9111111111111111,0.12916666666666668,4.426388888888889,0.009
highest-temperature-in-mexico-city-on-june-8-2026,Mexico City,24-36h,720,259.1388888888889,0.06388888888888888,0.9458333333333333,0.04583333333333333,5.808333333333334,0.005
highest-temperature-in-mexico-city-on-june-8-2026,Mexico City,36-48h,720,373.8027777777778,0.05138888888888889,0.9555555555555556,0.03333333333333333,5.365277777777778,0.009
highest-temperature-in-mexico-city-on-june-8-2026,Mexico City,48-72h,375,260.44266666666664,0.088,0.9973333333333333,0.07466666666666667,4.352,0.0099999999999999
highest-temperature-in-moscow-on-june-7-2026,Moscow,0-1h,28,0.0,0.10714285714285714,0.0,0.10714285714285714,3.0,0.001
highest-temperature-in-moscow-on-june-7-2026,Moscow,1-3h,120,0.0,0.016666666666666666,0.0,0.016666666666666666,3.0,0.001
highest-temperature-in-moscow-on-june-7-2026,Moscow,3-6h,180,133.76111111111112,0.25,0.6222222222222222,0.16111111111111112,3.716666666666667,0.001
highest-temperature-in-moscow-on-june-7-2026,Moscow,6-12h,360,976.9305555555555,0.5444444444444444,1.0,0.2833333333333333,4.3805555555555555,0.003
highest-temperature-in-moscow-on-june-7-2026,Moscow,12-24h,720,985.7972222222222,0.3055555555555556,0.9875,0.12222222222222222,4.2375,0.008
highest-temperature-in-moscow-on-june-7-2026,Moscow,24-36h,720,381.7625,0.13194444444444445,0.9263888888888889,0.05277777777777778,4.581944444444445,0.009
highest-temperature-in-moscow-on-june-7-2026,Moscow,36-48h,304,198.86184210526315,0.0756578947368421,0.9802631578947368,0.05592105263157895,4.032894736842105,0.01
highest-temperature-in-munich-on-june-9-2026,Munich,1-3h,36,0.0,0.027777777777777776,0.0,0.027777777777777776,3.0,0.001
highest-temperature-in-munich-on-june-9-2026,Munich,3-6h,180,0.0,0.044444444444444446,0.0,0.044444444444444446,3.0,0.001
highest-temperature-in-munich-on-june-9-2026,Munich,6-12h,360,22.072222222222223,0.07222222222222222,0.7972222222222223,0.06388888888888888,3.3222222222222224,0.001
highest-temperature-in-munich-on-june-9-2026,Munich,12-24h,720,598.5583333333333,0.7236111111111111,0.9666666666666667,0.23333333333333334,4.670833333333333,0.002
highest-temperature-in-munich-on-june-9-2026,Munich,24-36h,720,632.7083333333334,0.2611111111111111,0.9097222222222222,0.16527777777777777,4.948611111111111,0.004
highest-temperature-in-munich-on-june-9-2026,Munich,36-48h,720,670.8305555555555,0.16527777777777777,1.0,0.1111111111111111,5.5152777777777775,0.006
highest-temperature-in-munich-on-june-9-2026,Munich,48-72h,1116,423.68548387096774,0.07168458781362007,0.931899641577061,0.05017921146953405,5.638888888888889,0.01
highest-temperature-in-nyc-on-june-6-2026,NYC,0-1h,30,0.0,0.03333333333333333,0.0,0.03333333333333333,3.0,0.001
highest-temperature-in-nyc-on-june-6-2026,NYC,1-3h,120,0.0,0.03333333333333333,0.0,0.03333333333333333,3.0,0.001
highest-temperature-in-nyc-on-june-6-2026,NYC,3-6h,180,15.4,0.10555555555555556,0.35555555555555557,0.08333333333333333,3.716666666666667,0.001
highest-temperature-in-nyc-on-june-6-2026,NYC,6-12h,360,658.6555555555556,1.0583333333333333,0.8083333333333333,0.3888888888888889,4.305555555555555,0.001
highest-temperature-in-nyc-on-june-6-2026,NYC,12-24h,720,1496.6138888888888,0.7180555555555556,0.9847222222222223,0.3013888888888889,5.468055555555556,0.003
highest-temperature-in-nyc-on-june-6-2026,NYC,24-36h,720,898.8180555555556,0.26666666666666666,0.7430555555555556,0.11388888888888889,5.026388888888889,0.005
highest-temperature-in-nyc-on-june-6-2026,NYC,36-48h,720,350.7236111111111,0.2791666666666667,0.8347222222222223,0.14583333333333334,6.155555555555556,0.005
highest-temperature-in-nyc-on-june-6-2026,NYC,48-72h,51,327.921568627451,0.2549019607843137,1.0,0.13725490196078433,6.313725490196078,0.068
highest-temperature-in-paris-on-june-10-2026,Paris,0-1h,35,0.0,0.05714285714285714,0.0,0.05714285714285714,3.0,0.001
highest-temperature-in-paris-on-june-10-2026,Paris,1-3h,120,0.0,0.016666666666666666,0.0,0.016666666666666666,3.0,0.001
highest-temperature-in-paris-on-june-10-2026,Paris,3-6h,180,1.2666666666666666,0.07222222222222222,0.2833333333333333,0.05555555555555555,3.4277777777777776,0.001
highest-temperature-in-paris-on-june-10-2026,Paris,6-12h,360,1135.9444444444443,2.2416666666666667,0.9611111111111111,0.5861111111111111,6.0777777777777775,0.001
highest-temperature-in-paris-on-june-10-2026,Paris,12-24h,720,445.43055555555554,0.6,0.9625,0.24444444444444444,5.463888888888889,0.003
highest-temperature-in-paris-on-june-10-2026,Paris,24-36h,720,444.925,0.22361111111111112,1.0,0.1638888888888889,4.465277777777778,0.006
highest-temperature-in-paris-on-june-10-2026,Paris,36-48h,720,602.2319444444445,0.13194444444444445,0.9680555555555556,0.08333333333333333,5.030555555555556,0.005
highest-temperature-in-paris-on-june-10-2026,Paris,48-72h,1058,240.7381852551985,0.10302457466918714,0.9376181474480151,0.07655954631379962,5.147448015122873,0.004
highest-temperature-in-qingdao-on-june-9-2026,Qingdao,1-3h,119,0.0,0.025210084033613446,0.0,0.025210084033613446,3.0,0.002
highest-temperature-in-qingdao-on-june-9-2026,Qingdao,3-6h,180,0.0,0.016666666666666666,0.0,0.016666666666666666,3.0,0.002
highest-temperature-in-qingdao-on-june-9-2026,Qingdao,6-12h,360,56.80555555555556,0.25,0.28888888888888886,0.10833333333333334,3.5055555555555555,0.002
highest-temperature-in-qingdao-on-june-9-2026,Qingdao,12-24h,720,386.4263888888889,0.3763888888888889,0.9347222222222222,0.13055555555555556,5.233333333333333,0.008
highest-temperature-in-qingdao-on-june-9-2026,Qingdao,24-36h,720,299.90555555555557,0.041666666666666664,0.9555555555555556,0.03194444444444444,4.826388888888889,0.006
highest-temperature-in-qingdao-on-june-9-2026,Qingdao,36-48h,720,309.87638888888887,0.030555555555555555,0.9083333333333333,0.022222222222222223,4.552777777777778,0.01
highest-temperature-in-qingdao-on-june-9-2026,Qingdao,48-72h,738,171.36043360433604,0.024390243902439025,0.997289972899729,0.016260162601626018,4.784552845528455,0.0199999999999999
highest-temperature-in-san-francisco-on-june-7-2026,San Francisco,0-1h,57,0.0,0.017543859649122806,0.0,0.017543859649122806,3.0,0.002
highest-temperature-in-san-francisco-on-june-7-2026,San Francisco,1-3h,120,0.0,0.016666666666666666,0.0,0.016666666666666666,3.0,0.002
highest-temperature-in-san-francisco-on-june-7-2026,San Francisco,3-6h,180,0.0,0.005555555555555556,0.0,0.005555555555555556,3.0,0.002
highest-temperature-in-san-francisco-on-june-7-2026,San Francisco,6-12h,360,256.76944444444445,0.2111111111111111,0.6333333333333333,0.10555555555555556,4.2,0.002
highest-temperature-in-san-francisco-on-june-7-2026,San Francisco,12-24h,720,1050.5333333333333,0.42083333333333334,0.9263888888888889,0.13472222222222222,5.3180555555555555,0.005
highest-temperature-in-san-francisco-on-june-7-2026,San Francisco,24-36h,720,854.9569444444444,0.17222222222222222,0.9541666666666667,0.06944444444444445,5.018055555555556,0.0049999999999999
highest-temperature-in-san-francisco-on-june-7-2026,San Francisco,36-48h,720,510.025,0.06666666666666667,0.9583333333333334,0.04583333333333333,5.3069444444444445,0.006
highest-temperature-in-san-francisco-on-june-7-2026,San Francisco,48-72h,223,373.9730941704036,0.16591928251121077,0.968609865470852,0.12556053811659193,4.744394618834081,0.0199999999999999
highest-temperature-in-seattle-on-june-6-2026,Seattle,0-1h,13,0.0,0.07692307692307693,0.0,0.07692307692307693,3.0,0.001
highest-temperature-in-seattle-on-june-6-2026,Seattle,1-3h,120,0.0,0.025,0.0,0.025,3.0,0.001
highest-temperature-in-seattle-on-june-6-2026,Seattle,3-6h,180,0.0,0.016666666666666666,0.0,0.016666666666666666,3.0,0.001
highest-temperature-in-seattle-on-june-6-2026,Seattle,6-12h,360,402.7472222222222,0.6388888888888888,0.6361111111111111,0.18611111111111112,4.913888888888889,0.0015
highest-temperature-in-seattle-on-june-6-2026,Seattle,12-24h,720,1124.3319444444444,0.4888888888888889,0.9472222222222222,0.18194444444444444,6.155555555555556,0.007499999999999949
highest-temperature-in-seattle-on-june-6-2026,Seattle,24-36h,720,364.15555555555557,0.21666666666666667,0.8263888888888888,0.08055555555555556,5.95,0.008
highest-temperature-in-seattle-on-june-6-2026,Seattle,36-48h,720,223.2513888888889,0.09722222222222222,0.7638888888888888,0.05277777777777778,4.043055555555555,0.009
highest-temperature-in-seattle-on-june-6-2026,Seattle,48-72h,259,230.1196911196911,0.10038610038610038,1.0,0.08108108108108109,4.2084942084942085,0.0199999999999999
highest-temperature-in-seoul-on-june-10-2026,Seoul,0-1h,40,0.0,0.05,0.0,0.05,3.0,0.001
highest-temperature-in-seoul-on-june-10-2026,Seoul,1-3h,120,0.19166666666666668,0.058333333333333334,0.008333333333333333,0.058333333333333334,3.0,0.001
highest-temperature-in-seoul-on-june-10-2026,Seoul,3-6h,180,0.0,0.15,0.0,0.1111111111111111,3.5,0.001
highest-temperature-in-seoul-on-june-10-2026,Seoul,6-12h,360,754.6527777777778,3.341666666666667,0.6694444444444444,0.5638888888888889,4.55,0.001
highest-temperature-in-seoul-on-june-10-2026,Seoul,12-24h,720,982.5347222222222,1.9125,1.0,0.5416666666666666,6.533333333333333,0.0059999999999999
highest-temperature-in-seoul-on-june-10-2026,Seoul,24-36h,720,672.3541666666666,0.40694444444444444,1.0,0.23472222222222222,5.841666666666667,0.004
highest-temperature-in-seoul-on-june-10-2026,Seoul,36-48h,720,598.4097222222222,0.24305555555555555,0.9097222222222222,0.1375,5.805555555555555,0.003
highest-temperature-in-seoul-on-june-10-2026,Seoul,48-72h,691,562.4399421128799,0.14182344428364688,0.9609261939218524,0.0955137481910275,5.6063675832127355,0.004
highest-temperature-in-shanghai-on-june-9-2026,Shanghai,0-1h,45,0.0,0.044444444444444446,0.0,0.044444444444444446,3.0,0.001
highest-temperature-in-shanghai-on-june-9-2026,Shanghai,1-3h,120,0.0,0.016666666666666666,0.0,0.016666666666666666,3.0,0.001
highest-temperature-in-shanghai-on-june-9-2026,Shanghai,3-6h,180,0.0,0.06111111111111111,0.0,0.06111111111111111,3.0,0.001
highest-temperature-in-shanghai-on-june-9-2026,Shanghai,6-12h,360,774.2416666666667,3.188888888888889,0.9083333333333333,0.6,5.3277777777777775,0.001
highest-temperature-in-shanghai-on-june-9-2026,Shanghai,12-24h,720,706.7777777777778,1.2694444444444444,0.9236111111111112,0.38055555555555554,5.740277777777778,0.0059999999999999
highest-temperature-in-shanghai-on-june-9-2026,Shanghai,24-36h,720,646.2069444444444,0.2125,0.9527777777777777,0.15138888888888888,4.798611111111111,0.004999999999999951
highest-temperature-in-shanghai-on-june-9-2026,Shanghai,36-48h,720,369.8152777777778,0.125,0.8902777777777777,0.09305555555555556,5.8375,0.008
highest-temperature-in-shanghai-on-june-9-2026,Shanghai,48-72h,741,280.94331983805665,0.07017543859649122,1.0,0.05398110661268556,4.585695006747638,0.02
highest-temperature-in-singapore-on-june-10-2026,Singapore,1-3h,98,0.0,0.05102040816326531,0.0,0.05102040816326531,3.0,0.001
highest-temperature-in-singapore-on-june-10-2026,Singapore,3-6h,180,0.0,0.03888888888888889,0.0,0.03888888888888889,3.0388888888888888,0.001
highest-temperature-in-singapore-on-june-10-2026,Singapore,6-12h,360,543.2138888888888,0.9611111111111111,0.9055555555555556,0.4,4.436111111111111,0.001
highest-temperature-in-singapore-on-june-10-2026,Singapore,12-24h,720,556.4291666666667,0.4736111111111111,0.9666666666666667,0.19305555555555556,5.148611111111111,0.003
highest-temperature-in-singapore-on-june-10-2026,Singapore,24-36h,720,493.18888888888887,0.10138888888888889,1.0,0.0763888888888889,4.3694444444444445,0.005
highest-temperature-in-singapore-on-june-10-2026,Singapore,36-48h,720,373.2736111111111,0.11805555555555555,0.9291666666666667,0.075,4.675,0.007
highest-temperature-in-singapore-on-june-10-2026,Singapore,48-72h,746,404.6823056300268,0.13941018766756033,0.9624664879356568,0.07372654155495978,4.994638069705094,0.008999999999999949
highest-temperature-in-taipei-on-june-7-2026,Taipei,1-3h,101,0.0,0.039603960396039604,0.0,0.039603960396039604,3.0,0.001
highest-temperature-in-taipei-on-june-7-2026,Taipei,3-6h,180,0.0,0.027777777777777776,0.0,0.027777777777777776,3.0,0.001
highest-temperature-in-taipei-on-june-7-2026,Taipei,6-12h,360,202.06944444444446,0.7194444444444444,0.7055555555555556,0.20833333333333334,3.897222222222222,0.001
highest-temperature-in-taipei-on-june-7-2026,Taipei,12-24h,720,472.5652777777778,0.5930555555555556,0.9111111111111111,0.21666666666666667,6.013888888888889,0.008
highest-temperature-in-taipei-on-june-7-2026,Taipei,24-36h,720,399.9847222222222,0.19305555555555556,0.9847222222222223,0.12083333333333333,6.843055555555556,0.01
highest-temperature-in-taipei-on-june-7-2026,Taipei,36-48h,6,21.333333333333332,0.0,0.8333333333333334,0.0,4.0,0.02
highest-temperature-in-tel-aviv-on-june-7-2026,Tel Aviv,3-6h,178,0.10674157303370786,0.03932584269662921,0.011235955056179775,0.03932584269662921,3.1741573033707864,0.002
highest-temperature-in-tel-aviv-on-june-7-2026,Tel Aviv,6-12h,360,570.825,0.6694444444444444,0.9277777777777778,0.24444444444444444,5.1194444444444445,0.002
highest-temperature-in-tel-aviv-on-june-7-2026,Tel Aviv,12-24h,720,872.0777777777778,0.3277777777777778,0.9819444444444444,0.15416666666666667,4.409722222222222,0.005
highest-temperature-in-tel-aviv-on-june-7-2026,Tel Aviv,24-36h,720,428.95972222222224,0.075,0.9152777777777777,0.058333333333333334,4.695833333333334,0.0059999999999999
highest-temperature-in-tel-aviv-on-june-7-2026,Tel Aviv,36-48h,343,455.48979591836735,0.06705539358600583,0.9620991253644315,0.05539358600583091,5.075801749271137,0.007
highest-temperature-in-tokyo-on-june-10-2026,Tokyo,0-1h,34,0.0,0.058823529411764705,0.0,0.058823529411764705,3.0,0.001
highest-temperature-in-tokyo-on-june-10-2026,Tokyo,1-3h,120,0.0,0.058333333333333334,0.0,0.058333333333333334,3.0,0.001
highest-temperature-in-tokyo-on-june-10-2026,Tokyo,3-6h,180,5.033333333333333,0.06111111111111111,0.08333333333333333,0.05555555555555555,3.0,0.001
highest-temperature-in-tokyo-on-june-10-2026,Tokyo,6-12h,360,351.0027777777778,1.0527777777777778,0.8694444444444445,0.33611111111111114,5.016666666666667,0.001
highest-temperature-in-tokyo-on-june-10-2026,Tokyo,12-24h,720,631.1277777777777,0.6055555555555555,1.0,0.25277777777777777,5.329166666666667,0.002
highest-temperature-in-tokyo-on-june-10-2026,Tokyo,24-36h,720,952.9513888888889,0.4861111111111111,1.0,0.20416666666666666,6.641666666666667,0.0049999999999999
highest-temperature-in-tokyo-on-june-10-2026,Tokyo,36-48h,720,462.10833333333335,0.10277777777777777,0.9097222222222222,0.06527777777777778,6.270833333333333,0.008
highest-temperature-in-tokyo-on-june-10-2026,Tokyo,48-72h,693,435.3924963924964,0.08802308802308802,0.9682539682539683,0.06204906204906205,4.805194805194805,0.009
highest-temperature-in-warsaw-on-june-7-2026,Warsaw,0-1h,29,0.0,0.034482758620689655,0.0,0.034482758620689655,3.0,0.001
highest-temperature-in-warsaw-on-june-7-2026,Warsaw,1-3h,120,0.0,0.03333333333333333,0.0,0.03333333333333333,3.0,0.001
highest-temperature-in-warsaw-on-june-7-2026,Warsaw,3-6h,180,1.9055555555555554,0.07777777777777778,0.07777777777777778,0.06111111111111111,3.172222222222222,0.001
highest-temperature-in-warsaw-on-june-7-2026,Warsaw,6-12h,360,349.84444444444443,0.43333333333333335,0.9416666666666667,0.225,3.4972222222222222,0.002
highest-temperature-in-warsaw-on-june-7-2026,Warsaw,12-24h,720,834.4638888888888,0.42916666666666664,1.0,0.1736111111111111,4.363888888888889,0.005
highest-temperature-in-warsaw-on-june-7-2026,Warsaw,24-36h,720,240.80416666666667,0.09166666666666666,0.9152777777777777,0.043055555555555555,4.334722222222222,0.001
highest-temperature-in-warsaw-on-june-7-2026,Warsaw,36-48h,380,356.13421052631577,0.16842105263157894,0.9657894736842105,0.11315789473684211,5.6947368421052635,0.0049999999999999
highest-temperature-in-wellington-on-june-9-2026,Wellington,1-3h,115,0.17391304347826086,0.0782608695652174,0.008695652173913044,0.06956521739130435,3.260869565217391,0.002
highest-temperature-in-wellington-on-june-9-2026,Wellington,3-6h,180,59.638888888888886,0.16666666666666666,1.0,0.08333333333333333,4.127777777777778,0.002
highest-temperature-in-wellington-on-june-9-2026,Wellington,6-12h,360,245.9138888888889,0.33055555555555555,0.95,0.1638888888888889,4.038888888888889,0.002
highest-temperature-in-wellington-on-june-9-2026,Wellington,12-24h,720,654.4375,0.425,0.9,0.1875,4.195833333333334,0.003
highest-temperature-in-wellington-on-june-9-2026,Wellington,24-36h,720,690.8194444444445,0.23472222222222222,1.0,0.14166666666666666,4.772222222222222,0.004
highest-temperature-in-wellington-on-june-9-2026,Wellington,36-48h,720,346.6347222222222,0.10972222222222222,0.8916666666666667,0.06111111111111111,5.102777777777778,0.0049999999999999
highest-temperature-in-wellington-on-june-9-2026,Wellington,48-72h,495,214.7979797979798,0.08484848484848485,0.997979797979798,0.050505050505050504,4.448484848484848,0.006
highest-temperature-in-wuhan-on-june-10-2026,Wuhan,1-3h,115,0.0,0.043478260869565216,0.0,0.043478260869565216,3.0,0.001
highest-temperature-in-wuhan-on-june-10-2026,Wuhan,3-6h,180,0.0,0.05,0.0,0.05,3.0,0.001
highest-temperature-in-wuhan-on-june-10-2026,Wuhan,6-12h,360,642.9638888888888,1.625,0.8694444444444445,0.5277777777777778,5.161111111111111,0.003
highest-temperature-in-wuhan-on-june-10-2026,Wuhan,12-24h,720,420.4611111111111,0.1638888888888889,0.9666666666666667,0.09583333333333334,4.398611111111111,0.004
highest-temperature-in-wuhan-on-june-10-2026,Wuhan,24-36h,720,615.7263888888889,0.06805555555555555,1.0,0.058333333333333334,4.230555555555555,0.0055
highest-temperature-in-wuhan-on-june-10-2026,Wuhan,36-48h,720,310.13055555555553,0.029166666666666667,0.9291666666666667,0.025,4.995833333333334,0.013
highest-temperature-in-wuhan-on-june-10-2026,Wuhan,48-72h,749,262.8958611481976,0.0534045393858478,0.9532710280373832,0.04005340453938585,5.096128170894526,0.0189999999999999
