factor,horizon_seconds,quantile,count,mean_future_mid_return,median_future_mid_return,positive_return_share,zero_return_share
depth_imbalance_1,60,1,65472,0.001386653836754644,0.0,0.25462793255131966,0.4473820869990225
depth_imbalance_1,60,2,64496,0.0034320035351029514,0.0,0.25617092532870256,0.5337695360952617
depth_imbalance_1,60,3,65207,0.007496833162083823,0.0,0.3221586639471222,0.46959682242704004
depth_imbalance_1,60,4,64720,0.006113156674907293,0.0,0.2796044499381953,0.562747218788628
depth_imbalance_1,60,5,64965,0.0028092049565150447,0.0,0.21730162395135844,0.6966520434079889
depth_imbalance_1,300,1,65106,0.005733342549073816,0.0,0.36758516880164654,0.20316099898626855
depth_imbalance_1,300,2,64830,0.01135509023600185,0.0,0.3452876754588925,0.31834027456424496
depth_imbalance_1,300,3,64977,0.021333718084860797,0.0,0.4128691690906013,0.2844083291010665
depth_imbalance_1,300,4,66960,0.022883646953405022,0.0,0.39528076463560335,0.3881869772998805
depth_imbalance_1,300,5,62924,0.008329111308880553,0.0,0.37014493674909416,0.5048312249698048
depth_imbalance_1,900,1,65132,0.014104572253270284,0.0,0.4469845851501566,0.10074924768163115
depth_imbalance_1,900,2,65196,0.030122246763605132,0.0,0.42154426651941834,0.1925271489048408
depth_imbalance_1,900,3,64917,0.04389763852303711,0.0014999999999999458,0.5183233975692038,0.1773495386416501
depth_imbalance_1,900,4,66471,0.05588473168750282,0.0,0.46493959771930615,0.2973326713905312
depth_imbalance_1,900,5,63572,0.030160101931668026,0.004999999999999977,0.5210312716290191,0.3197004970741836
depth_imbalance_3,60,1,64972,0.002295181001046606,0.0,0.29706642861540355,0.38852120913624333
depth_imbalance_3,60,2,65191,0.006383664923072204,0.0,0.28675737448420796,0.5017870564955286
depth_imbalance_3,60,3,64753,0.005554970426080645,0.0,0.2229549210075209,0.6163112133800751
depth_imbalance_3,60,4,64993,0.004211930515593988,0.0,0.2230394042435339,0.6332835843860108
depth_imbalance_3,60,5,64951,0.00277747840679897,0.0,0.29999538113346985,0.5695832242767624
depth_imbalance_3,300,1,64966,0.003905881538035281,0.0,0.3791059939045039,0.16757996490471938
depth_imbalance_3,300,2,65010,0.014621165974465469,0.0,0.34097831102907245,0.31152130441470544
depth_imbalance_3,300,3,65091,0.01938805672059117,0.0,0.310242583460079,0.42225499685056306
depth_imbalance_3,300,4,64770,0.01825442334414081,0.0,0.35203026092326695,0.42240234676547783
depth_imbalance_3,300,5,64960,0.013907296798029552,0.0020000000000000018,0.5097290640394089,0.37132081280788176
depth_imbalance_3,900,1,65060,0.012179910851521671,0.0,0.4832001229634184,0.10235167537657547
depth_imbalance_3,900,2,65055,0.0409561909153793,0.0,0.4274229498116978,0.18820997617400662
depth_imbalance_3,900,3,65061,0.04133899724873581,0.0,0.39456817448240883,0.2832418806965771
depth_imbalance_3,900,4,65058,0.03914685357680838,0.0,0.43524239909004275,0.2738940637584924
depth_imbalance_3,900,5,65054,0.04105914317336367,0.0050000000000000044,0.6308912595689735,0.23926276631721338
depth_imbalance_5,60,1,64973,0.0023579255998645585,0.0,0.3272744062918443,0.3766949348190787
depth_imbalance_5,60,2,64977,0.0052997830001385105,0.0,0.2779906736229743,0.510749957677332
depth_imbalance_5,60,3,64973,0.005976928878149385,0.0,0.23252735751773815,0.6086528250196236
depth_imbalance_5,60,4,65062,0.005177376963511729,0.0,0.21754634041375917,0.6359165104054594
depth_imbalance_5,60,5,64875,0.002410358381502889,0.0,0.2747437379576108,0.5770327552986513
depth_imbalance_5,300,1,64965,0.005620534133764333,0.0,0.42549064881089815,0.1748787808820134
depth_imbalance_5,300,2,64961,0.009292844937731871,0.0,0.3635104139406721,0.27479564661874045
depth_imbalance_5,300,3,64982,0.023075259302576097,0.0,0.338924625280847,0.3787818165030316
depth_imbalance_5,300,4,64936,0.018630297523715658,0.0,0.31906800542072195,0.4622859430824196
depth_imbalance_5,300,5,64953,0.013455152186965958,0.0,0.444998691361446,0.4042769387095284
depth_imbalance_5,900,1,65100,0.005894024577572965,0.0014999999999999458,0.5362519201228879,0.10254992319508449
depth_imbalance_5,900,2,65218,0.02705185684933608,0.0,0.3939403232236499,0.11900088932503297
depth_imbalance_5,900,3,64862,0.05108889642625882,0.0,0.3888563411550677,0.26110819894545345
depth_imbalance_5,900,4,65167,0.05102334770666135,0.0,0.46166004265962834,0.304203047554744
depth_imbalance_5,900,5,64941,0.0396903112055558,0.0050000000000000044,0.5907362067107066,0.3005497297547004
microprice_minus_mid,60,1,65066,0.0051591614668183095,0.0,0.33399932376356317,0.37784710908923247
microprice_minus_mid,60,2,64946,0.001068333692606165,0.0,0.18569272934437842,0.5843008037446494
microprice_minus_mid,60,3,64943,0.002511664074650077,0.0,0.23064841476371586,0.5866529110142741
microprice_minus_mid,60,4,64949,0.004422031132119046,0.0,0.24893377881106715,0.6212258849250951
microprice_minus_mid,60,5,64956,0.008062927212266766,0.0,0.33059301681138004,0.539395898762239
microprice_minus_mid,300,1,65104,0.013234824281150163,0.0,0.44312177439174244,0.15952936839518309
microprice_minus_mid,300,2,64885,0.005539739539184713,0.0,0.2769515296293442,0.3483547815365647
microprice_minus_mid,300,3,64940,0.01218711117955035,0.0,0.34206960271019404,0.3781644595010779
microprice_minus_mid,300,4,65012,0.013126761213314464,0.0,0.34981234233679936,0.43470436227158066
microprice_minus_mid,300,5,64856,0.025997633218206483,0.0,0.4799555939311706,0.37461453065252254
microprice_minus_mid,900,1,65142,0.029330616192318318,0.0,0.49987719136655306,0.09800128949065119
microprice_minus_mid,900,2,65204,0.01999496196552359,0.0,0.37954726703883196,0.17417643089381019
microprice_minus_mid,900,3,64839,0.025092459785005936,0.0,0.426733910146671,0.28987183639476244
microprice_minus_mid,900,4,65085,0.03030802028117078,0.0,0.4660213566874088,0.29194130752093417
microprice_minus_mid,900,5,65018,0.06998508105447723,0.0050000000000000044,0.5992340582607893,0.23344304654095788
ofi_30s,60,1,71726,0.004912423667847083,0.0,0.28253353037949974,0.4872012938125645
ofi_30s,60,2,119118,-9.103577964707278e-05,0.0,0.12759616514716499,0.7526654242012123
ofi_30s,60,3,4083,-0.00011192750428605978,0.0,0.23365172667156503,0.618417830026941
ofi_30s,60,4,64984,0.0018190631540071398,0.0,0.26580389018835404,0.5347162378431614
ofi_30s,60,5,64949,0.014162950930730266,0.0004999999999999449,0.503810682227594,0.21775546967620749
ofi_30s,300,1,70386,0.013629912198448555,0.0,0.37265933566334214,0.29306964453158296
ofi_30s,300,2,118942,0.0006551218240823254,0.0,0.25647794723478673,0.5090800558255284
ofi_30s,300,3,5570,-0.004773877917414717,0.0,0.36624775583482944,0.3199281867145422
ofi_30s,300,4,64945,0.0025012626068211564,0.0,0.3702825467703441,0.3243513742397413
ofi_30s,300,5,64954,0.0520196754626351,0.009999999999999953,0.6170366721064138,0.0935739138467223
ofi_30s,900,1,71194,0.0619940865803298,0.0,0.48329915442312554,0.18324577913869147
ofi_30s,900,2,118484,0.006331736774585597,0.0,0.3641926336045373,0.327132777421424
ofi_30s,900,3,5499,0.00488879796326605,0.0004999999999999449,0.5022731405710129,0.2127659574468085
ofi_30s,900,4,65277,0.01898831135009268,0.0,0.46108123841475557,0.19912067037394487
ofi_30s,900,5,64834,0.07610303235956443,0.015499999999999958,0.6763889317333498,0.07312521208008144
trade_pressure_30s,60,1,283537,0.0017369055890412899,0.0,0.22602693828318704,0.5857612939404734
trade_pressure_30s,60,2,41323,0.02145657382087457,0.0039999999999998925,0.5402802313481596,0.24035041018319095
trade_pressure_30s,300,1,282212,0.007831426374498603,0.0,0.3405843833713662,0.3752250081499015
trade_pressure_30s,300,2,42585,0.054993401432429256,0.010000000000000009,0.6290008218856404,0.09888458377362921
trade_pressure_30s,900,1,282987,0.024437341644669187,0.0,0.4506249403682855,0.24060469208832916
trade_pressure_30s,900,2,42301,0.10517042150303776,0.018000000000000016,0.632396397248292,0.062102550767121345
