factor,horizon_seconds,time_bucket,count,spearman_corr,factor_mean,future_mid_return_mean,zero_return_share
depth_imbalance_1,60,1,26988,-0.030606349264417177,0.49289532980282014,0.001240551356158291,0.5794797687861272
depth_imbalance_1,60,2,27427,0.04361673820687621,0.4382083006703411,4.4664017209319715e-05,0.765960549823167
depth_imbalance_1,60,3,27427,0.16369652340731525,0.22288269517113785,0.00020764210449556968,0.813468479964998
depth_imbalance_1,60,4,27425,0.134041603402945,0.19601703518717384,0.0009695533272561529,0.6750410209662716
depth_imbalance_1,60,5,27427,0.23508961311698207,0.17298327205972633,-0.0006573814124767558,0.6723301855835491
depth_imbalance_1,60,6,27243,0.08848117032893478,0.029690041557478234,-3.2301875711191897e-05,0.9544470139118305
depth_imbalance_1,60,7,27395,0.11728505166560878,-0.013173964126113876,-0.0008870231794123017,0.7131958386566892
depth_imbalance_1,60,8,27306,0.1905026534002288,-0.18199080053854114,0.0004969603750091571,0.3895114626821944
depth_imbalance_1,60,9,26937,0.1513297368045164,-0.05415677990522787,0.0018715892638378473,0.16516315848089988
depth_imbalance_1,60,10,24666,0.04254805392099311,0.04172850497907716,0.032605610962458446,0.14477418308602935
depth_imbalance_1,60,11,27200,0.1976782460081992,-0.15597588711109064,0.007593676470588233,0.4182720588235294
depth_imbalance_1,60,12,27419,0.16791494886337527,-0.33286606957891807,0.010232466537802253,0.16532331594879462
depth_imbalance_1,300,1,27414,-0.0374652470135334,0.4918920769945473,0.004010724447362658,0.5445028087838331
depth_imbalance_1,300,2,27427,0.08670085786022479,0.4382083006703411,0.00014474787618040717,0.6318226565063624
depth_imbalance_1,300,3,27427,0.2158394007062519,0.22288269517113785,0.0007195464323476866,0.600430232982098
depth_imbalance_1,300,4,27420,0.2796804740031946,0.19600388837116328,0.0039897884755652775,0.3597374179431072
depth_imbalance_1,300,5,27427,0.3342637768796465,0.17298327205972633,-0.003972180697852479,0.2934334779596748
depth_imbalance_1,300,6,27365,0.12140164121020539,0.026737763973199675,-0.0002039101041476341,0.8631828978622328
depth_imbalance_1,300,7,27210,0.19210313465861198,-0.008993932250286949,-0.006218302094818082,0.36060271958838663
depth_imbalance_1,300,8,27022,0.09049445172731886,-0.1874205028396056,-0.005768262896898822,0.13973799126637554
depth_imbalance_1,300,9,26515,0.05872791647920649,-0.07502189485780306,0.0007427871016405848,0.02670186686781067
depth_imbalance_1,300,10,24751,0.14379514708584087,0.03968899246840663,0.14576299947476867,0.01034301644378005
depth_imbalance_1,300,11,27427,0.30538964071767344,-0.15360250930798092,0.01914460203449156,0.1493783498012907
depth_imbalance_1,300,12,27392,0.13766876864005914,-0.3322581991470586,0.02175826883761682,0.04373539719626168
depth_imbalance_1,900,1,27411,0.010919832313807535,0.49212789820137026,0.006645872095144282,0.5356973477800883
depth_imbalance_1,900,2,27427,0.0845294037067424,0.4382083006703411,0.000785722098661903,0.45105188318080724
depth_imbalance_1,900,3,27427,0.2809665238289108,0.22288269517113785,0.0023270864476610644,0.47934517081707806
depth_imbalance_1,900,4,27421,0.33100534354228933,0.1959095074822978,0.014323693519565289,0.098610553954998
depth_imbalance_1,900,5,27427,0.5140260213994668,0.17298327205972633,-0.009447259999270787,0.08240055419841762
depth_imbalance_1,900,6,27239,0.2375571847697038,0.025090166660526037,-0.0009719519806160293,0.763243878262785
depth_imbalance_1,900,7,26775,0.43604020791986187,-0.010645037886485645,-0.016218860877684402,0.09818860877684407
depth_imbalance_1,900,8,27413,0.0024618984844565167,-0.180043038112118,-0.023557983438514573,0.017181629154050998
depth_imbalance_1,900,9,26363,0.08091317329165679,-0.06790663970004304,0.001335963281872322,0.0008345029017941812
depth_imbalance_1,900,10,25667,0.21269428876472407,0.0994370681725149,0.4069302996064986,0.0033895663692679314
depth_imbalance_1,900,11,27427,0.20272449970483128,-0.15360250930798092,0.025389470230065263,0.03850220585554381
depth_imbalance_1,900,12,27291,0.23989144619899552,-0.33008526441792924,0.03273357517130189,0.01810120552563116
depth_imbalance_3,60,1,26988,0.17002315162279621,0.44717178888247844,0.001240551356158291,0.5794797687861272
depth_imbalance_3,60,2,27427,0.07932203608727421,0.38730282967979895,4.4664017209319715e-05,0.765960549823167
depth_imbalance_3,60,3,27427,0.08020181351189273,-0.00903527288449247,0.00020764210449556968,0.813468479964998
depth_imbalance_3,60,4,27425,0.1149549474949293,0.15017384521915736,0.0009695533272561529,0.6750410209662716
depth_imbalance_3,60,5,27427,0.19829126052712723,0.063492886836152,-0.0006573814124767558,0.6723301855835491
depth_imbalance_3,60,6,27243,0.040592316660694974,0.1402137298353906,-3.2301875711191897e-05,0.9544470139118305
depth_imbalance_3,60,7,27395,0.10157581965779545,0.07358403023157711,-0.0008870231794123017,0.7131958386566892
depth_imbalance_3,60,8,27306,0.33893499326269283,-0.0012381987145224272,0.0004969603750091571,0.3895114626821944
depth_imbalance_3,60,9,26937,0.11447012739829467,0.12664907771705652,0.0018715892638378473,0.16516315848089988
depth_imbalance_3,60,10,24666,-0.12304495438355184,0.028513564022658474,0.032605610962458446,0.14477418308602935
depth_imbalance_3,60,11,27200,0.18578807323377988,-0.19909060557338012,0.007593676470588233,0.4182720588235294
depth_imbalance_3,60,12,27419,0.16896084445684362,-0.3304640200247664,0.010232466537802253,0.16532331594879462
depth_imbalance_3,300,1,27414,0.32239978792902135,0.4526421747624172,0.004010724447362658,0.5445028087838331
depth_imbalance_3,300,2,27427,0.10532499645740576,0.38730282967979895,0.00014474787618040717,0.6318226565063624
depth_imbalance_3,300,3,27427,0.10360999552924134,-0.00903527288449247,0.0007195464323476866,0.600430232982098
depth_imbalance_3,300,4,27420,0.30878650823882947,0.15006586213010165,0.0039897884755652775,0.3597374179431072
depth_imbalance_3,300,5,27427,0.1823178848681961,0.063492886836152,-0.003972180697852479,0.2934334779596748
depth_imbalance_3,300,6,27365,-0.030242987774560887,0.14134712879362535,-0.0002039101041476341,0.8631828978622328
depth_imbalance_3,300,7,27210,0.24688030143304432,0.07245971515229217,-0.006218302094818082,0.36060271958838663
depth_imbalance_3,300,8,27022,0.541756744569718,-0.0029872771659658352,-0.005768262896898822,0.13973799126637554
depth_imbalance_3,300,9,26515,0.23565590997868827,0.11951717073629702,0.0007427871016405848,0.02670186686781067
depth_imbalance_3,300,10,24751,0.13379110463935234,0.032165292354498026,0.14576299947476867,0.01034301644378005
depth_imbalance_3,300,11,27427,0.30964098849555827,-0.19399068147443843,0.01914460203449156,0.1493783498012907
depth_imbalance_3,300,12,27392,0.21740807434228096,-0.3298801144806754,0.02175826883761682,0.04373539719626168
depth_imbalance_3,900,1,27411,0.4331943102618223,0.45267705611245096,0.006645872095144282,0.5356973477800883
depth_imbalance_3,900,2,27427,0.05555913721166906,0.38730282967979895,0.000785722098661903,0.45105188318080724
depth_imbalance_3,900,3,27427,0.2055528834430263,-0.00903527288449247,0.0023270864476610644,0.47934517081707806
depth_imbalance_3,900,4,27421,0.47928901993705886,0.15013845219285213,0.014323693519565289,0.098610553954998
depth_imbalance_3,900,5,27427,0.2938582021289682,0.063492886836152,-0.009447259999270787,0.08240055419841762
depth_imbalance_3,900,6,27239,0.0784437324957944,0.14059388854952212,-0.0009719519806160293,0.763243878262785
depth_imbalance_3,900,7,26775,0.1627880612302056,0.07072797596915797,-0.016218860877684402,0.09818860877684407
depth_imbalance_3,900,8,27413,0.5331893763487371,-0.0006245874760194505,-0.023557983438514573,0.017181629154050998
depth_imbalance_3,900,9,26363,0.3216652452675864,0.09622463982142661,0.001335963281872322,0.0008345029017941812
depth_imbalance_3,900,10,25667,0.21808606196551167,0.06510170398998245,0.4069302996064986,0.0033895663692679314
depth_imbalance_3,900,11,27427,0.1488223334481766,-0.19399068147443843,0.025389470230065263,0.03850220585554381
depth_imbalance_3,900,12,27291,0.1923793504120852,-0.3277591607792316,0.03273357517130189,0.01810120552563116
depth_imbalance_5,60,1,26988,0.12654804666716632,0.6798072848682604,0.001240551356158291,0.5794797687861272
depth_imbalance_5,60,2,27427,0.09070325502291156,0.40865068913307623,4.4664017209319715e-05,0.765960549823167
depth_imbalance_5,60,3,27427,0.016147420804531833,-0.05340347364357602,0.00020764210449556968,0.813468479964998
depth_imbalance_5,60,4,27425,0.06916641598979435,0.1715234037632244,0.0009695533272561529,0.6750410209662716
depth_imbalance_5,60,5,27427,0.07703771917167784,0.012412331281315605,-0.0006573814124767558,0.6723301855835491
depth_imbalance_5,60,6,27243,0.03454071571929823,0.10391563124432603,-3.2301875711191897e-05,0.9544470139118305
depth_imbalance_5,60,7,27395,0.1741944723508508,-0.017515475050660916,-0.0008870231794123017,0.7131958386566892
depth_imbalance_5,60,8,27306,0.1785478049522431,0.16890864663550628,0.0004969603750091571,0.3895114626821944
depth_imbalance_5,60,9,26937,0.13004085133075413,0.1768532384992201,0.0018715892638378473,0.16516315848089988
depth_imbalance_5,60,10,24666,-0.007345433360931716,0.1035799296088798,0.032605610962458446,0.14477418308602935
depth_imbalance_5,60,11,27200,0.1403450398110377,-0.3137037307911277,0.007593676470588233,0.4182720588235294
depth_imbalance_5,60,12,27419,0.15782581895047643,-0.34955177540994375,0.010232466537802253,0.16532331594879462
depth_imbalance_5,300,1,27414,0.23496457923805472,0.6810714347589146,0.004010724447362658,0.5445028087838331
depth_imbalance_5,300,2,27427,0.09701473336276457,0.40865068913307623,0.00014474787618040717,0.6318226565063624
depth_imbalance_5,300,3,27427,-0.006856572348444126,-0.05340347364357602,0.0007195464323476866,0.600430232982098
depth_imbalance_5,300,4,27420,0.1617308342815689,0.17144902090388298,0.0039897884755652775,0.3597374179431072
depth_imbalance_5,300,5,27427,0.011817462428052941,0.012412331281315605,-0.003972180697852479,0.2934334779596748
depth_imbalance_5,300,6,27365,0.15716399074467371,0.10288258840794935,-0.0002039101041476341,0.8631828978622328
depth_imbalance_5,300,7,27210,0.1774467057448909,-0.018195569533725114,-0.006218302094818082,0.36060271958838663
depth_imbalance_5,300,8,27022,0.4755304447112553,0.17009944853089765,-0.005768262896898822,0.13973799126637554
depth_imbalance_5,300,9,26515,0.24816559328081633,0.17648780883748358,0.0007427871016405848,0.02670186686781067
depth_imbalance_5,300,10,24751,0.15268307445689092,0.11512446336545198,0.14576299947476867,0.01034301644378005
depth_imbalance_5,300,11,27427,0.17998713137630706,-0.30933684978452414,0.01914460203449156,0.1493783498012907
depth_imbalance_5,300,12,27392,0.2327424891044794,-0.34903413833025965,0.02175826883761682,0.04373539719626168
depth_imbalance_5,900,1,27411,0.3345589211792674,0.6811599869858556,0.006645872095144282,0.5356973477800883
depth_imbalance_5,900,2,27427,0.023890601604973836,0.40865068913307623,0.000785722098661903,0.45105188318080724
depth_imbalance_5,900,3,27427,0.17105131436870308,-0.05340347364357602,0.0023270864476610644,0.47934517081707806
depth_imbalance_5,900,4,27421,0.4530075325161665,0.17146916025724057,0.014323693519565289,0.098610553954998
depth_imbalance_5,900,5,27427,0.29309955060703674,0.012412331281315605,-0.009447259999270787,0.08240055419841762
depth_imbalance_5,900,6,27239,0.1799657362168317,0.10197030562240646,-0.0009719519806160293,0.763243878262785
depth_imbalance_5,900,7,26775,0.07705561801528918,-0.025128371803649043,-0.016218860877684402,0.09818860877684407
depth_imbalance_5,900,8,27413,0.7240442185045068,0.16866160203894018,-0.023557983438514573,0.017181629154050998
depth_imbalance_5,900,9,26363,0.44092741203045926,0.15187316706740317,0.001335963281872322,0.0008345029017941812
depth_imbalance_5,900,10,25667,0.24835042168260157,0.13702991474202245,0.4069302996064986,0.0033895663692679314
depth_imbalance_5,900,11,27427,-0.22256104511866007,-0.30933684978452414,0.025389470230065263,0.03850220585554381
depth_imbalance_5,900,12,27291,0.2051568573494625,-0.3470681833649147,0.03273357517130189,0.01810120552563116
microprice_minus_mid,60,1,26988,0.18652348211837708,0.008389761617432793,0.001240551356158291,0.5794797687861272
microprice_minus_mid,60,2,27427,0.07328915752430687,0.006276877241619393,4.4664017209319715e-05,0.765960549823167
microprice_minus_mid,60,3,27427,0.1758230457121041,0.0021740268384351363,0.00020764210449556968,0.813468479964998
microprice_minus_mid,60,4,27425,0.16688454298349034,0.0024296592981331625,0.0009695533272561529,0.6750410209662716
microprice_minus_mid,60,5,27427,0.1699654912484924,0.001999305643739449,-0.0006573814124767558,0.6723301855835491
microprice_minus_mid,60,6,27243,0.09612141798587258,0.00010284399274769208,-3.2301875711191897e-05,0.9544470139118305
microprice_minus_mid,60,7,27395,0.12237431650656651,7.649090674543441e-05,-0.0008870231794123017,0.7131958386566892
microprice_minus_mid,60,8,27306,0.18014446597858474,-0.002413846852101896,0.0004969603750091571,0.3895114626821944
microprice_minus_mid,60,9,26937,0.1506893228454668,-0.00043461535700424996,0.0018715892638378473,0.16516315848089988
microprice_minus_mid,60,10,24666,0.06031380338734992,0.00197451815363659,0.032605610962458446,0.14477418308602935
microprice_minus_mid,60,11,27200,0.1890505051400132,-0.0008872433017706574,0.007593676470588233,0.4182720588235294
microprice_minus_mid,60,12,27419,-0.03670628815799933,-0.006094728266700438,0.010232466537802253,0.16532331594879462
microprice_minus_mid,300,1,27414,0.20347005903503293,0.008419929557906913,0.004010724447362658,0.5445028087838331
microprice_minus_mid,300,2,27427,0.13277148312235204,0.006276877241619393,0.00014474787618040717,0.6318226565063624
microprice_minus_mid,300,3,27427,0.21157794296442153,0.0021740268384351363,0.0007195464323476866,0.600430232982098
microprice_minus_mid,300,4,27420,0.2742736969607667,0.002429857891938266,0.0039897884755652775,0.3597374179431072
microprice_minus_mid,300,5,27427,0.29234654220129075,0.001999305643739449,-0.003972180697852479,0.2934334779596748
microprice_minus_mid,300,6,27365,0.13651346686034743,8.828592871575122e-05,-0.0002039101041476341,0.8631828978622328
microprice_minus_mid,300,7,27210,0.1860539057931889,0.0001108167315104249,-0.006218302094818082,0.36060271958838663
microprice_minus_mid,300,8,27022,0.12944496688619664,-0.0024818994558112252,-0.005768262896898822,0.13973799126637554
microprice_minus_mid,300,9,26515,0.05204765752734168,-0.0006975001027391492,0.0007427871016405848,0.02670186686781067
microprice_minus_mid,300,10,24751,0.14495351086425776,0.001999571432920743,0.14576299947476867,0.01034301644378005
microprice_minus_mid,300,11,27427,0.252044129750261,-0.0008548143571418499,0.01914460203449156,0.1493783498012907
microprice_minus_mid,300,12,27392,-0.120700335916314,-0.006099331815440171,0.02175826883761682,0.04373539719626168
microprice_minus_mid,900,1,27411,0.2039177997269339,0.00842561349398411,0.006645872095144282,0.5356973477800883
microprice_minus_mid,900,2,27427,0.0429144661693604,0.006276877241619393,0.000785722098661903,0.45105188318080724
microprice_minus_mid,900,3,27427,0.27251320780165456,0.0021740268384351363,0.0023270864476610644,0.47934517081707806
microprice_minus_mid,900,4,27421,0.2994599796018378,0.0024286036186524735,0.014323693519565289,0.098610553954998
microprice_minus_mid,900,5,27427,0.49067932497628336,0.001999305643739449,-0.009447259999270787,0.08240055419841762
microprice_minus_mid,900,6,27239,0.24906956902797145,7.983792106919608e-05,-0.0009719519806160293,0.763243878262785
microprice_minus_mid,900,7,26775,0.3630602107025589,0.00010826535824612114,-0.016218860877684402,0.09818860877684407
microprice_minus_mid,900,8,27413,0.07817890259263922,-0.002393330220046745,-0.023557983438514573,0.017181629154050998
microprice_minus_mid,900,9,26363,0.1246122040418741,-0.0005824723365526457,0.001335963281872322,0.0008345029017941812
microprice_minus_mid,900,10,25667,0.18367647004259904,0.002927224198188373,0.4069302996064986,0.0033895663692679314
microprice_minus_mid,900,11,27427,0.13191753268170464,-0.0008548143571418499,0.025389470230065263,0.03850220585554381
microprice_minus_mid,900,12,27291,-0.10298417089378681,-0.00611132238013099,0.03273357517130189,0.01810120552563116
ofi_30s,60,1,26988,0.16601937465043767,259.3765358677931,0.001240551356158291,0.5794797687861272
ofi_30s,60,2,27427,-0.0033294180154311336,0.14757793415247744,4.4664017209319715e-05,0.765960549823167
ofi_30s,60,3,27427,0.06792314025504373,2.0062453057206406,0.00020764210449556968,0.813468479964998
ofi_30s,60,4,27425,-0.056259432829440334,3.8890340929808573,0.0009695533272561529,0.6750410209662716
ofi_30s,60,5,27427,0.03346505124068898,1.549042549312721,-0.0006573814124767558,0.6723301855835491
ofi_30s,60,6,27243,0.05012444775812223,-7.519843629556215,-3.2301875711191897e-05,0.9544470139118305
ofi_30s,60,7,27395,0.16058919900216106,0.005888665814929987,-0.0008870231794123017,0.7131958386566892
ofi_30s,60,8,27306,0.0650505028567083,21.197330257086357,0.0004969603750091571,0.3895114626821944
ofi_30s,60,9,26937,0.04075110775886273,53.01566507034932,0.0018715892638378473,0.16516315848089988
ofi_30s,60,10,24666,0.08304376358097106,98.97145625557447,0.032605610962458446,0.14477418308602935
ofi_30s,60,11,27200,0.16658969194865209,103.76128786764707,0.007593676470588233,0.4182720588235294
ofi_30s,60,12,27419,0.26268230223035516,636.5097651263723,0.010232466537802253,0.16532331594879462
ofi_30s,300,1,27414,0.21838956468683146,282.26417013204934,0.004010724447362658,0.5445028087838331
ofi_30s,300,2,27427,0.01995524253552024,0.14757793415247744,0.00014474787618040717,0.6318226565063624
ofi_30s,300,3,27427,0.07114504883241579,2.0062453057206406,0.0007195464323476866,0.600430232982098
ofi_30s,300,4,27420,-0.014710467175290218,3.889743253099928,0.0039897884755652775,0.3597374179431072
ofi_30s,300,5,27427,0.18565875145369645,1.549042549312721,-0.003972180697852479,0.2934334779596748
ofi_30s,300,6,27365,0.06757253489657727,-8.260287593641513,-0.0002039101041476341,0.8631828978622328
ofi_30s,300,7,27210,-0.002433279697847543,0.3350525542080128,-0.006218302094818082,0.36060271958838663
ofi_30s,300,8,27022,-0.004183998371274946,20.92906150544001,-0.005768262896898822,0.13973799126637554
ofi_30s,300,9,26515,0.08316874319441159,52.7312340184801,0.0007427871016405848,0.02670186686781067
ofi_30s,300,10,24751,0.32950281097584416,116.10598804088723,0.14576299947476867,0.01034301644378005
ofi_30s,300,11,27427,0.2861661583163893,103.47774492288622,0.01914460203449156,0.1493783498012907
ofi_30s,300,12,27392,0.2030569181138431,637.0706063814251,0.02175826883761682,0.04373539719626168
ofi_30s,900,1,27411,0.26581178217043744,282.3171110138266,0.006645872095144282,0.5356973477800883
ofi_30s,900,2,27427,0.00576176442127844,0.14757793415247744,0.000785722098661903,0.45105188318080724
ofi_30s,900,3,27427,0.08472508982417606,2.0062453057206406,0.0023270864476610644,0.47934517081707806
ofi_30s,900,4,27421,0.10917403439154935,3.889601400386566,0.014323693519565289,0.098610553954998
ofi_30s,900,5,27427,0.04346468742542587,1.549042549312721,-0.009447259999270787,0.08240055419841762
ofi_30s,900,6,27239,0.08509829670793657,-8.298409266125773,-0.0009719519806160293,0.763243878262785
ofi_30s,900,7,26775,-0.1014357469838371,-0.051869281045750115,-0.016218860877684402,0.09818860877684407
ofi_30s,900,8,27413,-0.2595708973921324,21.157168861489072,-0.023557983438514573,0.017181629154050998
ofi_30s,900,9,26363,-0.1883887530663878,50.59427037894018,0.001335963281872322,0.0008345029017941812
ofi_30s,900,10,25667,-0.2139309301612988,115.65772197763665,0.4069302996064986,0.0033895663692679314
ofi_30s,900,11,27427,0.26482559328697586,103.47774492288622,0.025389470230065263,0.03850220585554381
ofi_30s,900,12,27291,0.34512690131534046,636.4803579934778,0.03273357517130189,0.01810120552563116
trade_pressure_30s,60,1,26988,0.045779886074700765,0.03933611445827775,0.001240551356158291,0.5794797687861272
trade_pressure_30s,60,2,27427,0.06629749884049278,0.8648253315346192,4.4664017209319715e-05,0.765960549823167
trade_pressure_30s,60,3,27427,-0.04252845948377141,0.2549842353884858,0.00020764210449556968,0.813468479964998
trade_pressure_30s,60,4,27425,0.23601172729922926,1.068071652142206,0.0009695533272561529,0.6750410209662716
trade_pressure_30s,60,5,27427,-0.02971716488529768,0.2943778600648995,-0.0006573814124767558,0.6723301855835491
trade_pressure_30s,60,6,27243,-0.1105061380208772,5.066851659398745,-3.2301875711191897e-05,0.9544470139118305
trade_pressure_30s,60,7,27395,0.11162492327254647,-0.3089584121920059,-0.0008870231794123017,0.7131958386566892
trade_pressure_30s,60,8,27306,0.19106284605068752,3.833682953490076,0.0004969603750091571,0.3895114626821944
trade_pressure_30s,60,9,26937,0.16846743265529612,5.536648544344211,0.0018715892638378473,0.16516315848089988
trade_pressure_30s,60,10,24666,0.17964260060040682,9.663321184829316,0.032605610962458446,0.14477418308602935
trade_pressure_30s,60,11,27200,0.1679411566613219,14.837943481360295,0.007593676470588233,0.4182720588235294
trade_pressure_30s,60,12,27419,-0.09209335266517878,18.11939566680039,0.010232466537802253,0.16532331594879462
trade_pressure_30s,300,1,27414,0.06281751868956105,0.04137130871087765,0.004010724447362658,0.5445028087838331
trade_pressure_30s,300,2,27427,0.01170735296027884,0.8648253315346192,0.00014474787618040717,0.6318226565063624
trade_pressure_30s,300,3,27427,-0.012525000732925872,0.2549842353884858,0.0007195464323476866,0.600430232982098
trade_pressure_30s,300,4,27420,0.1810035462510383,1.0682664135667397,0.0039897884755652775,0.3597374179431072
trade_pressure_30s,300,5,27427,0.04793563652054592,0.2943778600648995,-0.003972180697852479,0.2934334779596748
trade_pressure_30s,300,6,27365,0.12252982583725107,5.0246539167915225,-0.0002039101041476341,0.8631828978622328
trade_pressure_30s,300,7,27210,-0.012299430941886194,-0.29040851532524825,-0.006218302094818082,0.36060271958838663
trade_pressure_30s,300,8,27022,0.049559470966974856,5.062302077122346,-0.005768262896898822,0.13973799126637554
trade_pressure_30s,300,9,26515,-0.12787067088334164,5.232919643183105,0.0007427871016405848,0.02670186686781067
trade_pressure_30s,300,10,24751,0.17482512463505234,13.474690212233845,0.14576299947476867,0.01034301644378005
trade_pressure_30s,300,11,27427,0.41202397950936726,15.904165288620701,0.01914460203449156,0.1493783498012907
trade_pressure_30s,300,12,27392,-0.18790827129890536,18.138131928592287,0.02175826883761682,0.04373539719626168
trade_pressure_30s,900,1,27411,-0.020198973984569202,0.03872908894239538,0.006645872095144282,0.5356973477800883
trade_pressure_30s,900,2,27427,0.02431629859609616,0.8648253315346192,0.000785722098661903,0.45105188318080724
trade_pressure_30s,900,3,27427,-0.09878183622932721,0.2549842353884858,0.0023270864476610644,0.47934517081707806
trade_pressure_30s,900,4,27421,0.07789171572447744,1.0682274555997229,0.014323693519565289,0.098610553954998
trade_pressure_30s,900,5,27427,0.0125783426176301,0.2943778600648995,-0.009447259999270787,0.08240055419841762
trade_pressure_30s,900,6,27239,0.137736048937403,5.067595717794339,-0.0009719519806160293,0.763243878262785
trade_pressure_30s,900,7,26775,0.026441214871227456,-0.3190791531652662,-0.016218860877684402,0.09818860877684407
trade_pressure_30s,900,8,27413,-0.29437699610251816,3.766553340677781,-0.023557983438514573,0.017181629154050998
trade_pressure_30s,900,9,26363,-0.07841508032027852,6.054873282213709,0.001335963281872322,0.0008345029017941812
trade_pressure_30s,900,10,25667,-0.10127093548311804,11.86463903693458,0.4069302996064986,0.0033895663692679314
trade_pressure_30s,900,11,27427,0.28721051547875315,15.904165288620701,0.025389470230065263,0.03850220585554381
trade_pressure_30s,900,12,27291,-0.19326545793819092,18.20729983467077,0.03273357517130189,0.01810120552563116
